model_id,model,provider,date,event,source,input_per_mtok,output_per_mtok,cached_input_per_mtok
01ai-yi-large,Yi Large,01.AI,2026-06-25,baseline,,3.0,9.0,
01ai-yi-large,Yi Large,01.AI,2026-06-29,snapshot,,3.0,9.0,
01ai-yi-large,Yi Large,01.AI,2026-06-30,snapshot,,3.0,9.0,
01ai-yi-large,Yi Large,01.AI,2026-07-01,snapshot,,3.0,9.0,
01ai-yi-large,Yi Large,01.AI,2026-07-02,snapshot,,3.0,9.0,
01ai-yi-large,Yi Large,01.AI,2026-07-03,snapshot,,3.0,9.0,
01ai-yi-large,Yi Large,01.AI,2026-07-04,snapshot,,3.0,9.0,
ai21-jamba-large,Jamba Large,AI21 Labs,2026-06-25,baseline,,2.0,8.0,
ai21-jamba-large,Jamba Large,AI21 Labs,2026-06-29,snapshot,,2.0,8.0,
ai21-jamba-large,Jamba Large,AI21 Labs,2026-06-30,snapshot,,2.0,8.0,
ai21-jamba-large,Jamba Large,AI21 Labs,2026-07-01,snapshot,,2.0,8.0,
ai21-jamba-large,Jamba Large,AI21 Labs,2026-07-02,snapshot,,2.0,8.0,
ai21-jamba-large,Jamba Large,AI21 Labs,2026-07-03,snapshot,,2.0,8.0,
ai21-jamba-large,Jamba Large,AI21 Labs,2026-07-04,snapshot,,2.0,8.0,
ai21-jamba-mini,Jamba Mini,AI21 Labs,2026-06-25,baseline,,0.2,0.4,
ai21-jamba-mini,Jamba Mini,AI21 Labs,2026-06-29,snapshot,,0.2,0.4,
ai21-jamba-mini,Jamba Mini,AI21 Labs,2026-06-30,snapshot,,0.2,0.4,
ai21-jamba-mini,Jamba Mini,AI21 Labs,2026-07-01,snapshot,,0.2,0.4,
ai21-jamba-mini,Jamba Mini,AI21 Labs,2026-07-02,snapshot,,0.2,0.4,
ai21-jamba-mini,Jamba Mini,AI21 Labs,2026-07-03,snapshot,,0.2,0.4,
ai21-jamba-mini,Jamba Mini,AI21 Labs,2026-07-04,snapshot,,0.2,0.4,
alibaba-qwen-flash,Qwen-Flash,Alibaba,2026-06-25,baseline,,0.115,0.46,
alibaba-qwen-flash,Qwen-Flash,Alibaba,2026-06-29,snapshot,,0.115,0.46,
alibaba-qwen-flash,Qwen-Flash,Alibaba,2026-06-30,snapshot,,0.115,0.46,
alibaba-qwen-flash,Qwen-Flash,Alibaba,2026-07-01,snapshot,,0.115,0.46,
alibaba-qwen-flash,Qwen-Flash,Alibaba,2026-07-02,snapshot,,0.115,0.46,
alibaba-qwen-flash,Qwen-Flash,Alibaba,2026-07-03,snapshot,,0.115,0.46,
alibaba-qwen-flash,Qwen-Flash,Alibaba,2026-07-04,snapshot,,0.115,0.46,
alibaba-qwen-plus,Qwen-Plus,Alibaba,2025-09-15,backfill,litellm-archive,0.4,1.2,
alibaba-qwen-plus,Qwen-Plus,Alibaba,2026-06-23,backfill,litellm-archive,0.4,1.2,
alibaba-qwen-plus,Qwen-Plus,Alibaba,2026-06-25,baseline,,0.4,1.2,
alibaba-qwen-plus,Qwen-Plus,Alibaba,2026-06-29,snapshot,,0.4,1.2,
alibaba-qwen-plus,Qwen-Plus,Alibaba,2026-06-30,snapshot,,0.4,1.2,
alibaba-qwen-plus,Qwen-Plus,Alibaba,2026-07-01,snapshot,,0.4,1.2,
alibaba-qwen-plus,Qwen-Plus,Alibaba,2026-07-02,snapshot,,0.4,1.2,
alibaba-qwen-plus,Qwen-Plus,Alibaba,2026-07-03,snapshot,,0.4,1.2,
alibaba-qwen-plus,Qwen-Plus,Alibaba,2026-07-04,snapshot,,0.4,1.2,
alibaba-qwen-turbo,Qwen-Turbo,Alibaba,2025-09-15,backfill,litellm-archive,0.05,0.2,
alibaba-qwen-turbo,Qwen-Turbo,Alibaba,2026-06-23,backfill,litellm-archive,0.05,0.2,
alibaba-qwen-turbo,Qwen-Turbo,Alibaba,2026-06-25,baseline,,0.05,0.2,
alibaba-qwen-turbo,Qwen-Turbo,Alibaba,2026-06-29,snapshot,,0.05,0.2,
alibaba-qwen-turbo,Qwen-Turbo,Alibaba,2026-06-30,snapshot,,0.05,0.2,
alibaba-qwen-turbo,Qwen-Turbo,Alibaba,2026-07-01,snapshot,,0.05,0.2,
alibaba-qwen-turbo,Qwen-Turbo,Alibaba,2026-07-02,snapshot,,0.05,0.2,
alibaba-qwen-turbo,Qwen-Turbo,Alibaba,2026-07-03,snapshot,,0.05,0.2,
alibaba-qwen-turbo,Qwen-Turbo,Alibaba,2026-07-04,snapshot,,0.05,0.2,
alibaba-qwen3-max,Qwen3-Max,Alibaba,2026-06-27,baseline,,1.2,6.0,
alibaba-qwen3-max,Qwen3-Max,Alibaba,2026-06-29,snapshot,,1.2,6.0,
alibaba-qwen3-max,Qwen3-Max,Alibaba,2026-06-30,snapshot,,1.2,6.0,
alibaba-qwen3-max,Qwen3-Max,Alibaba,2026-07-01,snapshot,,1.2,6.0,
alibaba-qwen3-max,Qwen3-Max,Alibaba,2026-07-02,snapshot,,1.2,6.0,
alibaba-qwen3-max,Qwen3-Max,Alibaba,2026-07-03,snapshot,,1.2,6.0,
alibaba-qwen3-max,Qwen3-Max,Alibaba,2026-07-04,snapshot,,1.2,6.0,
alibaba-qwq-plus,QwQ-Plus,Alibaba,2025-09-15,backfill,litellm-archive,0.8,2.4,
alibaba-qwq-plus,QwQ-Plus,Alibaba,2026-06-23,backfill,litellm-archive,0.8,2.4,
alibaba-qwq-plus,QwQ-Plus,Alibaba,2026-06-25,baseline,,0.8,2.4,
alibaba-qwq-plus,QwQ-Plus,Alibaba,2026-06-29,snapshot,,0.8,2.4,
alibaba-qwq-plus,QwQ-Plus,Alibaba,2026-06-30,snapshot,,0.8,2.4,
alibaba-qwq-plus,QwQ-Plus,Alibaba,2026-07-01,snapshot,,0.8,2.4,
alibaba-qwq-plus,QwQ-Plus,Alibaba,2026-07-02,snapshot,,0.8,2.4,
alibaba-qwq-plus,QwQ-Plus,Alibaba,2026-07-03,snapshot,,0.8,2.4,
alibaba-qwq-plus,QwQ-Plus,Alibaba,2026-07-04,snapshot,,0.8,2.4,
amazon-nova-lite,Nova Lite,Amazon,2024-12-03,backfill,litellm-archive,0.06,0.24,
amazon-nova-lite,Nova Lite,Amazon,2026-06-23,backfill,litellm-archive,0.06,0.24,
amazon-nova-lite,Nova Lite,Amazon,2026-06-25,baseline,,0.06,0.24,
amazon-nova-lite,Nova Lite,Amazon,2026-06-29,snapshot,,0.06,0.24,
amazon-nova-lite,Nova Lite,Amazon,2026-06-30,snapshot,,0.06,0.24,
amazon-nova-lite,Nova Lite,Amazon,2026-07-01,snapshot,,0.06,0.24,
amazon-nova-lite,Nova Lite,Amazon,2026-07-02,snapshot,,0.06,0.24,
amazon-nova-lite,Nova Lite,Amazon,2026-07-03,snapshot,,0.06,0.24,
amazon-nova-lite,Nova Lite,Amazon,2026-07-04,snapshot,,0.06,0.24,
amazon-nova-micro,Nova Micro,Amazon,2024-12-03,backfill,litellm-archive,0.035,0.14,
amazon-nova-micro,Nova Micro,Amazon,2026-06-23,backfill,litellm-archive,0.035,0.14,
amazon-nova-micro,Nova Micro,Amazon,2026-06-25,baseline,,0.035,0.14,
amazon-nova-micro,Nova Micro,Amazon,2026-06-29,snapshot,,0.035,0.14,
amazon-nova-micro,Nova Micro,Amazon,2026-06-30,snapshot,,0.035,0.14,
amazon-nova-micro,Nova Micro,Amazon,2026-07-01,snapshot,,0.035,0.14,
amazon-nova-micro,Nova Micro,Amazon,2026-07-02,snapshot,,0.035,0.14,
amazon-nova-micro,Nova Micro,Amazon,2026-07-03,snapshot,,0.035,0.14,
amazon-nova-micro,Nova Micro,Amazon,2026-07-04,snapshot,,0.035,0.14,
amazon-nova-premier,Nova Premier,Amazon,2025-05-05,backfill,litellm-archive,2.5,12.5,
amazon-nova-premier,Nova Premier,Amazon,2026-06-23,backfill,litellm-archive,2.5,12.5,
amazon-nova-premier,Nova Premier,Amazon,2026-06-25,baseline,,2.5,12.5,
amazon-nova-premier,Nova Premier,Amazon,2026-06-29,snapshot,,2.5,12.5,
amazon-nova-premier,Nova Premier,Amazon,2026-06-30,snapshot,,2.5,12.5,
amazon-nova-premier,Nova Premier,Amazon,2026-07-01,snapshot,,2.5,12.5,
amazon-nova-premier,Nova Premier,Amazon,2026-07-02,snapshot,,2.5,12.5,
amazon-nova-premier,Nova Premier,Amazon,2026-07-03,snapshot,,2.5,12.5,
amazon-nova-premier,Nova Premier,Amazon,2026-07-04,snapshot,,2.5,12.5,
amazon-nova-pro,Nova Pro,Amazon,2024-12-03,backfill,litellm-archive,0.8,3.2,
amazon-nova-pro,Nova Pro,Amazon,2026-06-23,backfill,litellm-archive,0.8,3.2,
amazon-nova-pro,Nova Pro,Amazon,2026-06-25,baseline,,0.8,3.2,
amazon-nova-pro,Nova Pro,Amazon,2026-06-29,snapshot,,0.8,3.2,
amazon-nova-pro,Nova Pro,Amazon,2026-06-30,snapshot,,0.8,3.2,
amazon-nova-pro,Nova Pro,Amazon,2026-07-01,snapshot,,0.8,3.2,
amazon-nova-pro,Nova Pro,Amazon,2026-07-02,snapshot,,0.8,3.2,
amazon-nova-pro,Nova Pro,Amazon,2026-07-03,snapshot,,0.8,3.2,
amazon-nova-pro,Nova Pro,Amazon,2026-07-04,snapshot,,0.8,3.2,
anthropic-claude-fable-5,Claude Fable 5,Anthropic,2026-06-17,backfill,litellm-archive,10.0,50.0,
anthropic-claude-fable-5,Claude Fable 5,Anthropic,2026-06-23,backfill,litellm-archive,10.0,50.0,
anthropic-claude-fable-5,Claude Fable 5,Anthropic,2026-06-25,baseline,,10.0,50.0,1.0
anthropic-claude-fable-5,Claude Fable 5,Anthropic,2026-06-29,snapshot,,10.0,50.0,1.0
anthropic-claude-fable-5,Claude Fable 5,Anthropic,2026-06-30,snapshot,,10.0,50.0,1.0
anthropic-claude-fable-5,Claude Fable 5,Anthropic,2026-07-01,snapshot,,10.0,50.0,1.0
anthropic-claude-fable-5,Claude Fable 5,Anthropic,2026-07-02,snapshot,,10.0,50.0,1.0
anthropic-claude-fable-5,Claude Fable 5,Anthropic,2026-07-03,snapshot,,10.0,50.0,1.0
anthropic-claude-fable-5,Claude Fable 5,Anthropic,2026-07-04,snapshot,,10.0,50.0,1.0
anthropic-claude-haiku-35,Claude Haiku 3.5,Anthropic,2026-06-25,baseline,,0.8,4.0,0.08
anthropic-claude-haiku-35,Claude Haiku 3.5,Anthropic,2026-06-29,snapshot,,0.8,4.0,0.08
anthropic-claude-haiku-35,Claude Haiku 3.5,Anthropic,2026-06-30,snapshot,,0.8,4.0,0.08
anthropic-claude-haiku-35,Claude Haiku 3.5,Anthropic,2026-07-01,snapshot,,0.8,4.0,0.08
anthropic-claude-haiku-35,Claude Haiku 3.5,Anthropic,2026-07-02,snapshot,,0.8,4.0,0.08
anthropic-claude-haiku-35,Claude Haiku 3.5,Anthropic,2026-07-03,snapshot,,0.8,4.0,0.08
anthropic-claude-haiku-35,Claude Haiku 3.5,Anthropic,2026-07-04,snapshot,,0.8,4.0,0.08
anthropic-claude-haiku-45,Claude Haiku 4.5,Anthropic,2025-10-20,backfill,litellm-archive,1.0,5.0,
anthropic-claude-haiku-45,Claude Haiku 4.5,Anthropic,2026-06-23,backfill,litellm-archive,1.0,5.0,
anthropic-claude-haiku-45,Claude Haiku 4.5,Anthropic,2026-06-25,baseline,,1.0,5.0,0.1
anthropic-claude-haiku-45,Claude Haiku 4.5,Anthropic,2026-06-29,snapshot,,1.0,5.0,0.1
anthropic-claude-haiku-45,Claude Haiku 4.5,Anthropic,2026-06-30,snapshot,,1.0,5.0,0.1
anthropic-claude-haiku-45,Claude Haiku 4.5,Anthropic,2026-07-01,snapshot,,1.0,5.0,0.1
anthropic-claude-haiku-45,Claude Haiku 4.5,Anthropic,2026-07-02,snapshot,,1.0,5.0,0.1
anthropic-claude-haiku-45,Claude Haiku 4.5,Anthropic,2026-07-03,snapshot,,1.0,5.0,0.1
anthropic-claude-haiku-45,Claude Haiku 4.5,Anthropic,2026-07-04,snapshot,,1.0,5.0,0.1
anthropic-claude-mythos-5,Claude Mythos 5,Anthropic,2026-06-27,baseline,,10.0,50.0,1.0
anthropic-claude-mythos-5,Claude Mythos 5,Anthropic,2026-06-29,snapshot,,10.0,50.0,1.0
anthropic-claude-mythos-5,Claude Mythos 5,Anthropic,2026-06-30,snapshot,,10.0,50.0,1.0
anthropic-claude-mythos-5,Claude Mythos 5,Anthropic,2026-07-01,snapshot,,10.0,50.0,1.0
anthropic-claude-mythos-5,Claude Mythos 5,Anthropic,2026-07-02,snapshot,,10.0,50.0,1.0
anthropic-claude-mythos-5,Claude Mythos 5,Anthropic,2026-07-03,snapshot,,10.0,50.0,1.0
anthropic-claude-mythos-5,Claude Mythos 5,Anthropic,2026-07-04,snapshot,,10.0,50.0,1.0
anthropic-claude-opus-41,Claude Opus 4.1,Anthropic,2025-08-11,backfill,litellm-archive,15.0,75.0,
anthropic-claude-opus-41,Claude Opus 4.1,Anthropic,2026-06-23,backfill,litellm-archive,15.0,75.0,
anthropic-claude-opus-41,Claude Opus 4.1,Anthropic,2026-06-25,baseline,,15.0,75.0,1.5
anthropic-claude-opus-41,Claude Opus 4.1,Anthropic,2026-06-29,snapshot,,15.0,75.0,1.5
anthropic-claude-opus-41,Claude Opus 4.1,Anthropic,2026-06-30,snapshot,,15.0,75.0,1.5
anthropic-claude-opus-41,Claude Opus 4.1,Anthropic,2026-07-01,snapshot,,15.0,75.0,1.5
anthropic-claude-opus-41,Claude Opus 4.1,Anthropic,2026-07-02,snapshot,,15.0,75.0,1.5
anthropic-claude-opus-41,Claude Opus 4.1,Anthropic,2026-07-03,snapshot,,15.0,75.0,1.5
anthropic-claude-opus-41,Claude Opus 4.1,Anthropic,2026-07-04,snapshot,,15.0,75.0,1.5
anthropic-claude-opus-45,Claude Opus 4.5,Anthropic,2025-12-08,backfill,litellm-archive,5.0,25.0,
anthropic-claude-opus-45,Claude Opus 4.5,Anthropic,2026-06-23,backfill,litellm-archive,5.0,25.0,
anthropic-claude-opus-45,Claude Opus 4.5,Anthropic,2026-06-25,baseline,,5.0,25.0,0.5
anthropic-claude-opus-45,Claude Opus 4.5,Anthropic,2026-06-29,snapshot,,5.0,25.0,0.5
anthropic-claude-opus-45,Claude Opus 4.5,Anthropic,2026-06-30,snapshot,,5.0,25.0,0.5
anthropic-claude-opus-45,Claude Opus 4.5,Anthropic,2026-07-01,snapshot,,5.0,25.0,0.5
anthropic-claude-opus-45,Claude Opus 4.5,Anthropic,2026-07-02,snapshot,,5.0,25.0,0.5
anthropic-claude-opus-45,Claude Opus 4.5,Anthropic,2026-07-03,snapshot,,5.0,25.0,0.5
anthropic-claude-opus-45,Claude Opus 4.5,Anthropic,2026-07-04,snapshot,,5.0,25.0,0.5
anthropic-claude-opus-46,Claude Opus 4.6,Anthropic,2026-02-09,backfill,litellm-archive,5.0,25.0,
anthropic-claude-opus-46,Claude Opus 4.6,Anthropic,2026-06-23,backfill,litellm-archive,5.0,25.0,
anthropic-claude-opus-46,Claude Opus 4.6,Anthropic,2026-06-25,baseline,,5.0,25.0,0.5
anthropic-claude-opus-46,Claude Opus 4.6,Anthropic,2026-06-29,snapshot,,5.0,25.0,0.5
anthropic-claude-opus-46,Claude Opus 4.6,Anthropic,2026-06-30,snapshot,,5.0,25.0,0.5
anthropic-claude-opus-46,Claude Opus 4.6,Anthropic,2026-07-01,snapshot,,5.0,25.0,0.5
anthropic-claude-opus-46,Claude Opus 4.6,Anthropic,2026-07-02,snapshot,,5.0,25.0,0.5
anthropic-claude-opus-46,Claude Opus 4.6,Anthropic,2026-07-03,snapshot,,5.0,25.0,0.5
anthropic-claude-opus-46,Claude Opus 4.6,Anthropic,2026-07-04,snapshot,,5.0,25.0,0.5
anthropic-claude-opus-47,Claude Opus 4.7,Anthropic,2026-04-20,backfill,litellm-archive,5.0,25.0,
anthropic-claude-opus-47,Claude Opus 4.7,Anthropic,2026-06-23,backfill,litellm-archive,5.0,25.0,
anthropic-claude-opus-47,Claude Opus 4.7,Anthropic,2026-06-25,baseline,,5.0,25.0,0.5
anthropic-claude-opus-47,Claude Opus 4.7,Anthropic,2026-06-29,snapshot,,5.0,25.0,0.5
anthropic-claude-opus-47,Claude Opus 4.7,Anthropic,2026-06-30,snapshot,,5.0,25.0,0.5
anthropic-claude-opus-47,Claude Opus 4.7,Anthropic,2026-07-01,snapshot,,5.0,25.0,0.5
anthropic-claude-opus-47,Claude Opus 4.7,Anthropic,2026-07-02,snapshot,,5.0,25.0,0.5
anthropic-claude-opus-47,Claude Opus 4.7,Anthropic,2026-07-03,snapshot,,5.0,25.0,0.5
anthropic-claude-opus-47,Claude Opus 4.7,Anthropic,2026-07-04,snapshot,,5.0,25.0,0.5
anthropic-claude-opus-48,Claude Opus 4.8,Anthropic,2026-06-01,backfill,litellm-archive,5.0,25.0,
anthropic-claude-opus-48,Claude Opus 4.8,Anthropic,2026-06-23,backfill,litellm-archive,5.0,25.0,
anthropic-claude-opus-48,Claude Opus 4.8,Anthropic,2026-06-25,baseline,,5.0,25.0,0.5
anthropic-claude-opus-48,Claude Opus 4.8,Anthropic,2026-06-29,snapshot,,5.0,25.0,0.5
anthropic-claude-opus-48,Claude Opus 4.8,Anthropic,2026-06-30,snapshot,,5.0,25.0,0.5
anthropic-claude-opus-48,Claude Opus 4.8,Anthropic,2026-07-01,snapshot,,5.0,25.0,0.5
anthropic-claude-opus-48,Claude Opus 4.8,Anthropic,2026-07-02,snapshot,,5.0,25.0,0.5
anthropic-claude-opus-48,Claude Opus 4.8,Anthropic,2026-07-03,snapshot,,5.0,25.0,0.5
anthropic-claude-opus-48,Claude Opus 4.8,Anthropic,2026-07-04,snapshot,,5.0,25.0,0.5
anthropic-claude-sonnet-45,Claude Sonnet 4.5,Anthropic,2025-10-06,backfill,litellm-archive,3.0,15.0,
anthropic-claude-sonnet-45,Claude Sonnet 4.5,Anthropic,2026-06-23,backfill,litellm-archive,3.0,15.0,
anthropic-claude-sonnet-45,Claude Sonnet 4.5,Anthropic,2026-06-25,baseline,,3.0,15.0,0.3
anthropic-claude-sonnet-45,Claude Sonnet 4.5,Anthropic,2026-06-29,snapshot,,3.0,15.0,0.3
anthropic-claude-sonnet-45,Claude Sonnet 4.5,Anthropic,2026-06-30,snapshot,,3.0,15.0,0.3
anthropic-claude-sonnet-45,Claude Sonnet 4.5,Anthropic,2026-07-01,snapshot,,3.0,15.0,0.3
anthropic-claude-sonnet-45,Claude Sonnet 4.5,Anthropic,2026-07-02,snapshot,,3.0,15.0,0.3
anthropic-claude-sonnet-45,Claude Sonnet 4.5,Anthropic,2026-07-03,snapshot,,3.0,15.0,0.3
anthropic-claude-sonnet-45,Claude Sonnet 4.5,Anthropic,2026-07-04,snapshot,,3.0,15.0,0.3
anthropic-claude-sonnet-46,Claude Sonnet 4.6,Anthropic,2026-02-23,backfill,litellm-archive,3.0,15.0,
anthropic-claude-sonnet-46,Claude Sonnet 4.6,Anthropic,2026-06-23,backfill,litellm-archive,3.0,15.0,
anthropic-claude-sonnet-46,Claude Sonnet 4.6,Anthropic,2026-06-25,baseline,,3.0,15.0,0.3
anthropic-claude-sonnet-46,Claude Sonnet 4.6,Anthropic,2026-06-29,snapshot,,3.0,15.0,0.3
anthropic-claude-sonnet-46,Claude Sonnet 4.6,Anthropic,2026-06-30,snapshot,,3.0,15.0,0.3
anthropic-claude-sonnet-46,Claude Sonnet 4.6,Anthropic,2026-07-01,snapshot,,3.0,15.0,0.3
anthropic-claude-sonnet-46,Claude Sonnet 4.6,Anthropic,2026-07-02,snapshot,,3.0,15.0,0.3
anthropic-claude-sonnet-46,Claude Sonnet 4.6,Anthropic,2026-07-03,snapshot,,3.0,15.0,0.3
anthropic-claude-sonnet-46,Claude Sonnet 4.6,Anthropic,2026-07-04,snapshot,,3.0,15.0,0.3
anthropic-claude-sonnet-5,Claude Sonnet 5,Anthropic,2026-06-30,new_model,verified,2.0,10.0,
anthropic-claude-sonnet-5,Claude Sonnet 5,Anthropic,2026-07-01,snapshot,,2.0,10.0,0.2
anthropic-claude-sonnet-5,Claude Sonnet 5,Anthropic,2026-07-02,snapshot,,2.0,10.0,0.2
anthropic-claude-sonnet-5,Claude Sonnet 5,Anthropic,2026-07-03,snapshot,,2.0,10.0,0.2
anthropic-claude-sonnet-5,Claude Sonnet 5,Anthropic,2026-07-04,snapshot,,2.0,10.0,0.2
baichuan-m2-32b,Baichuan M2-32B,Baichuan,2026-06-25,baseline,,0.07,0.07,
baichuan-m2-32b,Baichuan M2-32B,Baichuan,2026-06-29,snapshot,,0.07,0.07,
baichuan-m2-32b,Baichuan M2-32B,Baichuan,2026-06-30,snapshot,,0.07,0.07,
baichuan-m2-32b,Baichuan M2-32B,Baichuan,2026-07-01,snapshot,,0.07,0.07,
baichuan-m2-32b,Baichuan M2-32B,Baichuan,2026-07-02,snapshot,,0.07,0.07,
baichuan-m2-32b,Baichuan M2-32B,Baichuan,2026-07-03,snapshot,,0.07,0.07,
baichuan-m2-32b,Baichuan M2-32B,Baichuan,2026-07-04,snapshot,,0.07,0.07,
cohere-command-a,Command A,Cohere,2026-06-25,baseline,,1.0,2.0,
cohere-command-a,Command A,Cohere,2026-06-29,snapshot,,1.0,2.0,
cohere-command-a,Command A,Cohere,2026-06-30,snapshot,,1.0,2.0,
cohere-command-a,Command A,Cohere,2026-07-01,snapshot,,1.0,2.0,
cohere-command-a,Command A,Cohere,2026-07-02,snapshot,,1.0,2.0,
cohere-command-a,Command A,Cohere,2026-07-03,snapshot,,1.0,2.0,
cohere-command-a,Command A,Cohere,2026-07-04,snapshot,,1.0,2.0,
cohere-command-r-03-2024,Command R 03-2024,Cohere,2026-06-25,baseline,,0.5,1.5,
cohere-command-r-03-2024,Command R 03-2024,Cohere,2026-06-29,snapshot,,0.5,1.5,
cohere-command-r-03-2024,Command R 03-2024,Cohere,2026-06-30,snapshot,,0.5,1.5,
cohere-command-r-03-2024,Command R 03-2024,Cohere,2026-07-01,snapshot,,0.5,1.5,
cohere-command-r-03-2024,Command R 03-2024,Cohere,2026-07-02,snapshot,,0.5,1.5,
cohere-command-r-03-2024,Command R 03-2024,Cohere,2026-07-03,snapshot,,0.5,1.5,
cohere-command-r-03-2024,Command R 03-2024,Cohere,2026-07-04,snapshot,,0.5,1.5,
cohere-command-r-08-2024,Command R 08-2024,Cohere,2024-09-19,backfill,litellm-archive,0.15,0.6,
cohere-command-r-08-2024,Command R 08-2024,Cohere,2026-06-23,backfill,litellm-archive,0.15,0.6,
cohere-command-r-08-2024,Command R 08-2024,Cohere,2026-06-25,baseline,,0.15,0.6,
cohere-command-r-08-2024,Command R 08-2024,Cohere,2026-06-29,snapshot,,0.15,0.6,
cohere-command-r-08-2024,Command R 08-2024,Cohere,2026-06-30,snapshot,,0.15,0.6,
cohere-command-r-08-2024,Command R 08-2024,Cohere,2026-07-01,snapshot,,0.15,0.6,
cohere-command-r-08-2024,Command R 08-2024,Cohere,2026-07-02,snapshot,,0.15,0.6,
cohere-command-r-08-2024,Command R 08-2024,Cohere,2026-07-03,snapshot,,0.15,0.6,
cohere-command-r-08-2024,Command R 08-2024,Cohere,2026-07-04,snapshot,,0.15,0.6,
cohere-command-r-plus-08-2024,Command R+ 08-2024,Cohere,2024-09-19,backfill,litellm-archive,2.5,10.0,
cohere-command-r-plus-08-2024,Command R+ 08-2024,Cohere,2026-06-23,backfill,litellm-archive,2.5,10.0,
cohere-command-r-plus-08-2024,Command R+ 08-2024,Cohere,2026-06-25,baseline,,2.5,10.0,
cohere-command-r-plus-08-2024,Command R+ 08-2024,Cohere,2026-06-29,snapshot,,2.5,10.0,
cohere-command-r-plus-08-2024,Command R+ 08-2024,Cohere,2026-06-30,snapshot,,2.5,10.0,
cohere-command-r-plus-08-2024,Command R+ 08-2024,Cohere,2026-07-01,snapshot,,2.5,10.0,
cohere-command-r-plus-08-2024,Command R+ 08-2024,Cohere,2026-07-02,snapshot,,2.5,10.0,
cohere-command-r-plus-08-2024,Command R+ 08-2024,Cohere,2026-07-03,snapshot,,2.5,10.0,
cohere-command-r-plus-08-2024,Command R+ 08-2024,Cohere,2026-07-04,snapshot,,2.5,10.0,
cohere-embed-4,Embed 4,Cohere,2026-06-25,baseline,,0.12,,
cohere-embed-4,Embed 4,Cohere,2026-06-29,snapshot,,0.12,,
cohere-embed-4,Embed 4,Cohere,2026-06-30,snapshot,,0.12,,
cohere-embed-4,Embed 4,Cohere,2026-07-01,snapshot,,0.12,,
cohere-embed-4,Embed 4,Cohere,2026-07-02,snapshot,,0.12,,
cohere-embed-4,Embed 4,Cohere,2026-07-03,snapshot,,0.12,,
cohere-embed-4,Embed 4,Cohere,2026-07-04,snapshot,,0.12,,
cohere-rerank-35,Rerank 3.5,Cohere,2026-06-25,baseline,,0.02,,
cohere-rerank-35,Rerank 3.5,Cohere,2026-06-29,snapshot,,0.02,,
cohere-rerank-35,Rerank 3.5,Cohere,2026-06-30,snapshot,,0.02,,
cohere-rerank-35,Rerank 3.5,Cohere,2026-07-01,snapshot,,0.02,,
cohere-rerank-35,Rerank 3.5,Cohere,2026-07-02,snapshot,,0.02,,
cohere-rerank-35,Rerank 3.5,Cohere,2026-07-03,snapshot,,0.02,,
cohere-rerank-35,Rerank 3.5,Cohere,2026-07-04,snapshot,,0.02,,
deepseek-v4-flash,DeepSeek V4 Flash,DeepSeek,2026-06-23,backfill,litellm-archive,0.14,0.28,
deepseek-v4-flash,DeepSeek V4 Flash,DeepSeek,2026-06-25,baseline,,0.14,0.28,0.0028
deepseek-v4-flash,DeepSeek V4 Flash,DeepSeek,2026-06-29,snapshot,,0.14,0.28,0.0028
deepseek-v4-flash,DeepSeek V4 Flash,DeepSeek,2026-06-30,snapshot,,0.14,0.28,0.0028
deepseek-v4-flash,DeepSeek V4 Flash,DeepSeek,2026-07-01,snapshot,,0.14,0.28,0.0028
deepseek-v4-flash,DeepSeek V4 Flash,DeepSeek,2026-07-02,snapshot,,0.14,0.28,0.0028
deepseek-v4-flash,DeepSeek V4 Flash,DeepSeek,2026-07-03,snapshot,,0.14,0.28,0.0028
deepseek-v4-flash,DeepSeek V4 Flash,DeepSeek,2026-07-04,snapshot,,0.14,0.28,0.0028
deepseek-v4-pro,DeepSeek V4 Pro,DeepSeek,2026-06-23,backfill,litellm-archive,0.435,0.87,
deepseek-v4-pro,DeepSeek V4 Pro,DeepSeek,2026-06-25,baseline,,0.435,0.87,0.003625
deepseek-v4-pro,DeepSeek V4 Pro,DeepSeek,2026-06-29,snapshot,,0.435,0.87,0.003625
deepseek-v4-pro,DeepSeek V4 Pro,DeepSeek,2026-06-30,snapshot,,0.435,0.87,0.003625
deepseek-v4-pro,DeepSeek V4 Pro,DeepSeek,2026-07-01,snapshot,,0.435,0.87,0.003625
deepseek-v4-pro,DeepSeek V4 Pro,DeepSeek,2026-07-02,snapshot,,0.435,0.87,0.003625
deepseek-v4-pro,DeepSeek V4 Pro,DeepSeek,2026-07-03,snapshot,,0.435,0.87,0.003625
deepseek-v4-pro,DeepSeek V4 Pro,DeepSeek,2026-07-04,snapshot,,0.435,0.87,0.003625
fireworks-deepseek-v4-flash,DeepSeek V4 Flash,Fireworks,2026-06-23,backfill,litellm-archive,0.14,0.28,
fireworks-deepseek-v4-flash,DeepSeek V4 Flash,Fireworks,2026-06-25,baseline,,0.14,0.28,0.028
fireworks-deepseek-v4-flash,DeepSeek V4 Flash,Fireworks,2026-06-29,snapshot,,0.14,0.28,0.028
fireworks-deepseek-v4-flash,DeepSeek V4 Flash,Fireworks,2026-06-30,snapshot,,0.14,0.28,0.028
fireworks-deepseek-v4-flash,DeepSeek V4 Flash,Fireworks,2026-07-01,snapshot,,0.14,0.28,0.028
fireworks-deepseek-v4-flash,DeepSeek V4 Flash,Fireworks,2026-07-02,snapshot,,0.14,0.28,0.028
fireworks-deepseek-v4-flash,DeepSeek V4 Flash,Fireworks,2026-07-03,snapshot,,0.14,0.28,0.028
fireworks-deepseek-v4-flash,DeepSeek V4 Flash,Fireworks,2026-07-04,snapshot,,0.14,0.28,0.028
fireworks-deepseek-v4-pro,DeepSeek V4 Pro,Fireworks,2026-06-23,backfill,litellm-archive,1.74,3.48,
fireworks-deepseek-v4-pro,DeepSeek V4 Pro,Fireworks,2026-06-25,baseline,,1.74,3.48,0.145
fireworks-deepseek-v4-pro,DeepSeek V4 Pro,Fireworks,2026-06-29,snapshot,,1.74,3.48,0.145
fireworks-deepseek-v4-pro,DeepSeek V4 Pro,Fireworks,2026-06-30,snapshot,,1.74,3.48,0.145
fireworks-deepseek-v4-pro,DeepSeek V4 Pro,Fireworks,2026-07-01,snapshot,,1.74,3.48,0.145
fireworks-deepseek-v4-pro,DeepSeek V4 Pro,Fireworks,2026-07-02,snapshot,,1.74,3.48,0.145
fireworks-deepseek-v4-pro,DeepSeek V4 Pro,Fireworks,2026-07-03,snapshot,,1.74,3.48,0.145
fireworks-deepseek-v4-pro,DeepSeek V4 Pro,Fireworks,2026-07-04,snapshot,,1.74,3.48,0.145
fireworks-glm-51,GLM 5.1,Fireworks,2026-06-25,baseline,,1.4,4.4,0.26
fireworks-glm-51,GLM 5.1,Fireworks,2026-06-29,snapshot,,1.4,4.4,0.26
fireworks-glm-51,GLM 5.1,Fireworks,2026-06-30,snapshot,,1.4,4.4,0.26
fireworks-glm-51,GLM 5.1,Fireworks,2026-07-01,snapshot,,1.4,4.4,0.26
fireworks-glm-51,GLM 5.1,Fireworks,2026-07-02,snapshot,,1.4,4.4,0.26
fireworks-glm-51,GLM 5.1,Fireworks,2026-07-03,snapshot,,1.4,4.4,0.26
fireworks-glm-51,GLM 5.1,Fireworks,2026-07-04,snapshot,,1.4,4.4,0.26
fireworks-glm-52,GLM 5.2,Fireworks,2026-06-25,baseline,,1.4,4.4,0.26
fireworks-glm-52,GLM 5.2,Fireworks,2026-06-29,snapshot,,1.4,4.4,0.26
fireworks-glm-52,GLM 5.2,Fireworks,2026-06-30,snapshot,,1.4,4.4,0.26
fireworks-glm-52,GLM 5.2,Fireworks,2026-07-01,snapshot,,1.4,4.4,0.26
fireworks-glm-52,GLM 5.2,Fireworks,2026-07-02,snapshot,,1.4,4.4,0.26
fireworks-glm-52,GLM 5.2,Fireworks,2026-07-03,snapshot,,1.4,4.4,0.26
fireworks-glm-52,GLM 5.2,Fireworks,2026-07-04,snapshot,,1.4,4.4,0.26
fireworks-gpt-oss-120b,GPT OSS 120B,Fireworks,2026-06-23,backfill,litellm-archive,0.15,0.6,
fireworks-gpt-oss-120b,GPT OSS 120B,Fireworks,2026-06-25,baseline,,0.15,0.6,0.015
fireworks-gpt-oss-120b,GPT OSS 120B,Fireworks,2026-06-29,snapshot,,0.15,0.6,0.015
fireworks-gpt-oss-120b,GPT OSS 120B,Fireworks,2026-06-30,snapshot,,0.15,0.6,0.015
fireworks-gpt-oss-120b,GPT OSS 120B,Fireworks,2026-07-01,snapshot,,0.15,0.6,0.015
fireworks-gpt-oss-120b,GPT OSS 120B,Fireworks,2026-07-02,snapshot,,0.15,0.6,0.015
fireworks-gpt-oss-120b,GPT OSS 120B,Fireworks,2026-07-03,snapshot,,0.15,0.6,0.015
fireworks-gpt-oss-120b,GPT OSS 120B,Fireworks,2026-07-04,snapshot,,0.15,0.6,0.015
fireworks-gpt-oss-20b,GPT OSS 20B,Fireworks,2026-06-23,backfill,litellm-archive,0.07,0.3,
fireworks-gpt-oss-20b,GPT OSS 20B,Fireworks,2026-06-25,baseline,,0.07,0.3,0.035
fireworks-gpt-oss-20b,GPT OSS 20B,Fireworks,2026-06-29,snapshot,,0.07,0.3,0.035
fireworks-gpt-oss-20b,GPT OSS 20B,Fireworks,2026-06-30,snapshot,,0.07,0.3,0.035
fireworks-gpt-oss-20b,GPT OSS 20B,Fireworks,2026-07-01,snapshot,,0.07,0.3,0.035
fireworks-gpt-oss-20b,GPT OSS 20B,Fireworks,2026-07-02,snapshot,,0.07,0.3,0.035
fireworks-gpt-oss-20b,GPT OSS 20B,Fireworks,2026-07-03,snapshot,,0.07,0.3,0.035
fireworks-gpt-oss-20b,GPT OSS 20B,Fireworks,2026-07-04,snapshot,,0.07,0.3,0.035
fireworks-kimi-k25,Kimi K2.5,Fireworks,2026-06-25,baseline,,0.6,3.0,0.1
fireworks-kimi-k25,Kimi K2.5,Fireworks,2026-06-29,snapshot,,0.6,3.0,0.1
fireworks-kimi-k25,Kimi K2.5,Fireworks,2026-06-30,snapshot,,0.6,3.0,0.1
fireworks-kimi-k25,Kimi K2.5,Fireworks,2026-07-01,snapshot,,0.6,3.0,0.1
fireworks-kimi-k25,Kimi K2.5,Fireworks,2026-07-02,snapshot,,0.6,3.0,0.1
fireworks-kimi-k25,Kimi K2.5,Fireworks,2026-07-03,snapshot,,0.6,3.0,0.1
fireworks-kimi-k25,Kimi K2.5,Fireworks,2026-07-04,snapshot,,0.6,3.0,0.1
fireworks-kimi-k26,Kimi K2.6,Fireworks,2026-06-25,baseline,,0.95,4.0,0.16
fireworks-kimi-k26,Kimi K2.6,Fireworks,2026-06-29,snapshot,,0.95,4.0,0.16
fireworks-kimi-k26,Kimi K2.6,Fireworks,2026-06-30,snapshot,,0.95,4.0,0.16
fireworks-kimi-k26,Kimi K2.6,Fireworks,2026-07-01,snapshot,,0.95,4.0,0.16
fireworks-kimi-k26,Kimi K2.6,Fireworks,2026-07-02,snapshot,,0.95,4.0,0.16
fireworks-kimi-k26,Kimi K2.6,Fireworks,2026-07-03,snapshot,,0.95,4.0,0.16
fireworks-kimi-k26,Kimi K2.6,Fireworks,2026-07-04,snapshot,,0.95,4.0,0.16
fireworks-kimi-k27-code,Kimi K2.7 Code,Fireworks,2026-06-25,baseline,,0.95,4.0,0.19
fireworks-kimi-k27-code,Kimi K2.7 Code,Fireworks,2026-06-29,snapshot,,0.95,4.0,0.19
fireworks-kimi-k27-code,Kimi K2.7 Code,Fireworks,2026-06-30,snapshot,,0.95,4.0,0.19
fireworks-kimi-k27-code,Kimi K2.7 Code,Fireworks,2026-07-01,snapshot,,0.95,4.0,0.19
fireworks-kimi-k27-code,Kimi K2.7 Code,Fireworks,2026-07-02,snapshot,,0.95,4.0,0.19
fireworks-kimi-k27-code,Kimi K2.7 Code,Fireworks,2026-07-03,snapshot,,0.95,4.0,0.19
fireworks-kimi-k27-code,Kimi K2.7 Code,Fireworks,2026-07-04,snapshot,,0.95,4.0,0.19
fireworks-minimax-25,MiniMax 2.5,Fireworks,2026-06-25,baseline,,0.3,1.2,0.03
fireworks-minimax-25,MiniMax 2.5,Fireworks,2026-06-29,snapshot,,0.3,1.2,0.03
fireworks-minimax-25,MiniMax 2.5,Fireworks,2026-06-30,snapshot,,0.3,1.2,0.03
fireworks-minimax-25,MiniMax 2.5,Fireworks,2026-07-01,snapshot,,0.3,1.2,0.03
fireworks-minimax-25,MiniMax 2.5,Fireworks,2026-07-02,snapshot,,0.3,1.2,0.03
fireworks-minimax-25,MiniMax 2.5,Fireworks,2026-07-03,snapshot,,0.3,1.2,0.03
fireworks-minimax-25,MiniMax 2.5,Fireworks,2026-07-04,snapshot,,0.3,1.2,0.03
fireworks-minimax-27,MiniMax 2.7,Fireworks,2026-06-25,baseline,,0.3,1.2,0.06
fireworks-minimax-27,MiniMax 2.7,Fireworks,2026-06-29,snapshot,,0.3,1.2,0.06
fireworks-minimax-27,MiniMax 2.7,Fireworks,2026-06-30,snapshot,,0.3,1.2,0.06
fireworks-minimax-27,MiniMax 2.7,Fireworks,2026-07-01,snapshot,,0.3,1.2,0.06
fireworks-minimax-27,MiniMax 2.7,Fireworks,2026-07-02,snapshot,,0.3,1.2,0.06
fireworks-minimax-27,MiniMax 2.7,Fireworks,2026-07-03,snapshot,,0.3,1.2,0.06
fireworks-minimax-27,MiniMax 2.7,Fireworks,2026-07-04,snapshot,,0.3,1.2,0.06
fireworks-minimax-m3,MiniMax M3,Fireworks,2026-06-23,backfill,litellm-archive,0.3,1.2,
fireworks-minimax-m3,MiniMax M3,Fireworks,2026-06-25,baseline,,0.3,1.2,0.06
fireworks-minimax-m3,MiniMax M3,Fireworks,2026-06-29,snapshot,,0.3,1.2,0.06
fireworks-minimax-m3,MiniMax M3,Fireworks,2026-06-30,snapshot,,0.3,1.2,0.06
fireworks-minimax-m3,MiniMax M3,Fireworks,2026-07-01,snapshot,,0.3,1.2,0.06
fireworks-minimax-m3,MiniMax M3,Fireworks,2026-07-02,snapshot,,0.3,1.2,0.06
fireworks-minimax-m3,MiniMax M3,Fireworks,2026-07-03,snapshot,,0.3,1.2,0.06
fireworks-minimax-m3,MiniMax M3,Fireworks,2026-07-04,snapshot,,0.3,1.2,0.06
fireworks-nemotron-3-ultra,NVIDIA Nemotron 3 Ultra,Fireworks,2026-06-25,baseline,,0.6,2.4,0.12
fireworks-nemotron-3-ultra,NVIDIA Nemotron 3 Ultra,Fireworks,2026-06-29,snapshot,,0.6,2.4,0.12
fireworks-nemotron-3-ultra,NVIDIA Nemotron 3 Ultra,Fireworks,2026-06-30,snapshot,,0.6,2.4,0.12
fireworks-nemotron-3-ultra,NVIDIA Nemotron 3 Ultra,Fireworks,2026-07-01,snapshot,,0.6,2.4,0.12
fireworks-nemotron-3-ultra,NVIDIA Nemotron 3 Ultra,Fireworks,2026-07-02,snapshot,,0.6,2.4,0.12
fireworks-nemotron-3-ultra,NVIDIA Nemotron 3 Ultra,Fireworks,2026-07-03,snapshot,,0.6,2.4,0.12
fireworks-nemotron-3-ultra,NVIDIA Nemotron 3 Ultra,Fireworks,2026-07-04,snapshot,,0.6,2.4,0.12
fireworks-qwen36-plus,Qwen 3.6 Plus,Fireworks,2026-06-25,baseline,,0.5,3.0,0.1
fireworks-qwen36-plus,Qwen 3.6 Plus,Fireworks,2026-06-29,snapshot,,0.5,3.0,0.1
fireworks-qwen36-plus,Qwen 3.6 Plus,Fireworks,2026-06-30,snapshot,,0.5,3.0,0.1
fireworks-qwen36-plus,Qwen 3.6 Plus,Fireworks,2026-07-01,snapshot,,0.5,3.0,0.1
fireworks-qwen36-plus,Qwen 3.6 Plus,Fireworks,2026-07-02,snapshot,,0.5,3.0,0.1
fireworks-qwen36-plus,Qwen 3.6 Plus,Fireworks,2026-07-03,snapshot,,0.5,3.0,0.1
fireworks-qwen36-plus,Qwen 3.6 Plus,Fireworks,2026-07-04,snapshot,,0.5,3.0,0.1
fireworks-qwen37-plus,Qwen 3.7 Plus,Fireworks,2026-06-25,baseline,,0.4,1.6,0.08
fireworks-qwen37-plus,Qwen 3.7 Plus,Fireworks,2026-06-29,snapshot,,0.4,1.6,0.08
fireworks-qwen37-plus,Qwen 3.7 Plus,Fireworks,2026-06-30,snapshot,,0.4,1.6,0.08
fireworks-qwen37-plus,Qwen 3.7 Plus,Fireworks,2026-07-01,snapshot,,0.4,1.6,0.08
fireworks-qwen37-plus,Qwen 3.7 Plus,Fireworks,2026-07-02,snapshot,,0.4,1.6,0.08
fireworks-qwen37-plus,Qwen 3.7 Plus,Fireworks,2026-07-03,snapshot,,0.4,1.6,0.08
fireworks-qwen37-plus,Qwen 3.7 Plus,Fireworks,2026-07-04,snapshot,,0.4,1.6,0.08
google-gemini-25-flash,Gemini 2.5 Flash,Google,2025-06-23,backfill,litellm-archive,0.3,2.5,
google-gemini-25-flash,Gemini 2.5 Flash,Google,2026-06-23,backfill,litellm-archive,0.3,2.5,
google-gemini-25-flash,Gemini 2.5 Flash,Google,2026-06-25,baseline,,0.075,0.3,
google-gemini-25-flash,Gemini 2.5 Flash,Google,2026-06-29,snapshot,,0.075,0.3,
google-gemini-25-flash,Gemini 2.5 Flash,Google,2026-06-30,snapshot,,0.075,0.3,
google-gemini-25-flash,Gemini 2.5 Flash,Google,2026-07-01,snapshot,,0.075,0.3,
google-gemini-25-flash,Gemini 2.5 Flash,Google,2026-07-02,snapshot,,0.075,0.3,
google-gemini-25-flash,Gemini 2.5 Flash,Google,2026-07-03,snapshot,,0.075,0.3,
google-gemini-25-flash,Gemini 2.5 Flash,Google,2026-07-04,price_increase,verified,0.3,2.5,
google-gemini-25-flash-lite,Gemini 2.5 Flash-Lite,Google,2025-07-28,backfill,litellm-archive,0.1,0.4,
google-gemini-25-flash-lite,Gemini 2.5 Flash-Lite,Google,2026-06-23,backfill,litellm-archive,0.1,0.4,
google-gemini-25-flash-lite,Gemini 2.5 Flash-Lite,Google,2026-06-25,baseline,,0.1,0.4,
google-gemini-25-flash-lite,Gemini 2.5 Flash-Lite,Google,2026-06-29,snapshot,,0.1,0.4,
google-gemini-25-flash-lite,Gemini 2.5 Flash-Lite,Google,2026-06-30,snapshot,,0.1,0.4,
google-gemini-25-flash-lite,Gemini 2.5 Flash-Lite,Google,2026-07-01,snapshot,,0.1,0.4,
google-gemini-25-flash-lite,Gemini 2.5 Flash-Lite,Google,2026-07-02,snapshot,,0.1,0.4,
google-gemini-25-flash-lite,Gemini 2.5 Flash-Lite,Google,2026-07-03,snapshot,,0.1,0.4,
google-gemini-25-flash-lite,Gemini 2.5 Flash-Lite,Google,2026-07-04,snapshot,,0.1,0.4,
google-gemini-25-pro,Gemini 2.5 Pro,Google,2025-06-23,backfill,litellm-archive,1.25,10.0,
google-gemini-25-pro,Gemini 2.5 Pro,Google,2026-06-23,backfill,litellm-archive,1.25,10.0,
google-gemini-25-pro,Gemini 2.5 Pro,Google,2026-06-25,baseline,,1.25,10.0,
google-gemini-25-pro,Gemini 2.5 Pro,Google,2026-06-29,snapshot,,1.25,10.0,
google-gemini-25-pro,Gemini 2.5 Pro,Google,2026-06-30,snapshot,,1.25,10.0,
google-gemini-25-pro,Gemini 2.5 Pro,Google,2026-07-01,snapshot,,1.25,10.0,
google-gemini-25-pro,Gemini 2.5 Pro,Google,2026-07-02,snapshot,,1.25,10.0,
google-gemini-25-pro,Gemini 2.5 Pro,Google,2026-07-03,snapshot,,1.25,10.0,
google-gemini-25-pro,Gemini 2.5 Pro,Google,2026-07-04,snapshot,,1.25,10.0,
google-gemini-31-flash,Gemini 3.1 Flash,Google,2026-06-25,baseline,,0.3,2.5,
google-gemini-31-flash,Gemini 3.1 Flash,Google,2026-06-29,snapshot,,0.3,2.5,
google-gemini-31-flash,Gemini 3.1 Flash,Google,2026-06-30,snapshot,,0.3,2.5,
google-gemini-31-flash,Gemini 3.1 Flash,Google,2026-07-01,snapshot,,0.3,2.5,
google-gemini-31-flash,Gemini 3.1 Flash,Google,2026-07-02,snapshot,,0.3,2.5,
google-gemini-31-flash,Gemini 3.1 Flash,Google,2026-07-03,snapshot,,0.3,2.5,
google-gemini-31-flash,Gemini 3.1 Flash,Google,2026-07-04,snapshot,,0.3,2.5,
google-gemini-31-flash-lite,Gemini 3.1 Flash-Lite,Google,2026-05-25,backfill,litellm-archive,0.45,2.7,
google-gemini-31-flash-lite,Gemini 3.1 Flash-Lite,Google,2026-06-09,backfill,litellm-archive,0.25,1.5,
google-gemini-31-flash-lite,Gemini 3.1 Flash-Lite,Google,2026-06-23,backfill,litellm-archive,0.25,1.5,
google-gemini-31-flash-lite,Gemini 3.1 Flash-Lite,Google,2026-06-25,baseline,,0.25,1.5,
google-gemini-31-flash-lite,Gemini 3.1 Flash-Lite,Google,2026-06-29,snapshot,,0.25,1.5,
google-gemini-31-flash-lite,Gemini 3.1 Flash-Lite,Google,2026-06-30,snapshot,,0.25,1.5,
google-gemini-31-flash-lite,Gemini 3.1 Flash-Lite,Google,2026-07-01,snapshot,,0.25,1.5,
google-gemini-31-flash-lite,Gemini 3.1 Flash-Lite,Google,2026-07-02,snapshot,,0.25,1.5,
google-gemini-31-flash-lite,Gemini 3.1 Flash-Lite,Google,2026-07-03,snapshot,,0.25,1.5,
google-gemini-31-flash-lite,Gemini 3.1 Flash-Lite,Google,2026-07-04,snapshot,,0.25,1.5,
google-gemini-31-pro,Gemini 3.1 Pro,Google,2026-02-23,backfill,litellm-archive,2.0,12.0,
google-gemini-31-pro,Gemini 3.1 Pro,Google,2026-06-25,baseline,,2.0,12.0,
google-gemini-31-pro,Gemini 3.1 Pro,Google,2026-06-29,snapshot,,2.0,12.0,
google-gemini-31-pro,Gemini 3.1 Pro,Google,2026-06-30,snapshot,,2.0,12.0,
google-gemini-31-pro,Gemini 3.1 Pro,Google,2026-07-01,snapshot,,2.0,12.0,
google-gemini-31-pro,Gemini 3.1 Pro,Google,2026-07-02,snapshot,,2.0,12.0,
google-gemini-31-pro,Gemini 3.1 Pro,Google,2026-07-03,snapshot,,2.0,12.0,
google-gemini-31-pro,Gemini 3.1 Pro,Google,2026-07-04,price_increase,verified,2.0,12.0,0.2
google-gemini-35-flash,Gemini 3.5 Flash,Google,2026-05-20,backfill,litellm-archive,1.5,9.0,
google-gemini-35-flash,Gemini 3.5 Flash,Google,2026-06-23,backfill,litellm-archive,1.5,9.0,
google-gemini-35-flash,Gemini 3.5 Flash,Google,2026-06-25,baseline,,1.5,9.0,
google-gemini-35-flash,Gemini 3.5 Flash,Google,2026-06-29,snapshot,,1.5,9.0,
google-gemini-35-flash,Gemini 3.5 Flash,Google,2026-06-30,snapshot,,1.5,9.0,
google-gemini-35-flash,Gemini 3.5 Flash,Google,2026-07-01,snapshot,,1.5,9.0,
google-gemini-35-flash,Gemini 3.5 Flash,Google,2026-07-02,snapshot,,1.5,9.0,
google-gemini-35-flash,Gemini 3.5 Flash,Google,2026-07-03,snapshot,,1.5,9.0,
google-gemini-35-flash,Gemini 3.5 Flash,Google,2026-07-04,snapshot,,1.5,9.0,
google-text-embedding-004,text-embedding-004,Google,2026-06-25,baseline,,0.025,,
google-text-embedding-004,text-embedding-004,Google,2026-06-29,snapshot,,0.025,,
google-text-embedding-004,text-embedding-004,Google,2026-06-30,snapshot,,0.025,,
google-text-embedding-004,text-embedding-004,Google,2026-07-01,snapshot,,0.025,,
google-text-embedding-004,text-embedding-004,Google,2026-07-02,snapshot,,0.025,,
google-text-embedding-004,text-embedding-004,Google,2026-07-03,snapshot,,0.025,,
google-text-embedding-004,text-embedding-004,Google,2026-07-04,snapshot,,0.025,,
groq-gpt-oss-120b,GPT-OSS 120B,Groq,2025-08-11,backfill,litellm-archive,0.15,0.75,
groq-gpt-oss-120b,GPT-OSS 120B,Groq,2026-01-27,backfill,litellm-archive,0.15,0.6,
groq-gpt-oss-120b,GPT-OSS 120B,Groq,2026-06-23,backfill,litellm-archive,0.15,0.6,
groq-gpt-oss-120b,GPT-OSS 120B,Groq,2026-06-25,baseline,,0.15,1.0,
groq-gpt-oss-120b,GPT-OSS 120B,Groq,2026-06-29,snapshot,,0.15,1.0,
groq-gpt-oss-120b,GPT-OSS 120B,Groq,2026-06-30,snapshot,,0.15,1.0,
groq-gpt-oss-120b,GPT-OSS 120B,Groq,2026-07-01,snapshot,,0.15,1.0,
groq-gpt-oss-120b,GPT-OSS 120B,Groq,2026-07-02,snapshot,,0.15,1.0,
groq-gpt-oss-120b,GPT-OSS 120B,Groq,2026-07-03,snapshot,,0.15,1.0,
groq-gpt-oss-120b,GPT-OSS 120B,Groq,2026-07-04,price_drop,verified,0.15,0.6,
groq-gpt-oss-20b,GPT-OSS 20B,Groq,2025-08-11,backfill,litellm-archive,0.1,0.5,
groq-gpt-oss-20b,GPT-OSS 20B,Groq,2026-01-27,backfill,litellm-archive,0.075,0.3,
groq-gpt-oss-20b,GPT-OSS 20B,Groq,2026-06-23,backfill,litellm-archive,0.075,0.3,
groq-gpt-oss-20b,GPT-OSS 20B,Groq,2026-06-25,baseline,,0.075,1.0,
groq-gpt-oss-20b,GPT-OSS 20B,Groq,2026-06-29,snapshot,,0.075,1.0,
groq-gpt-oss-20b,GPT-OSS 20B,Groq,2026-06-30,snapshot,,0.075,1.0,
groq-gpt-oss-20b,GPT-OSS 20B,Groq,2026-07-01,snapshot,,0.075,1.0,
groq-gpt-oss-20b,GPT-OSS 20B,Groq,2026-07-02,snapshot,,0.075,1.0,
groq-gpt-oss-20b,GPT-OSS 20B,Groq,2026-07-03,snapshot,,0.075,1.0,
groq-gpt-oss-20b,GPT-OSS 20B,Groq,2026-07-04,price_drop,verified,0.075,0.3,
groq-llama-31-8b-instant,Llama 3.1 8B Instant,Groq,2024-07-29,backfill,litellm-archive,0.59,0.79,
groq-llama-31-8b-instant,Llama 3.1 8B Instant,Groq,2024-10-08,backfill,litellm-archive,0.05,0.08,
groq-llama-31-8b-instant,Llama 3.1 8B Instant,Groq,2026-06-23,backfill,litellm-archive,0.05,0.08,
groq-llama-31-8b-instant,Llama 3.1 8B Instant,Groq,2026-06-25,baseline,,0.05,1.0,
groq-llama-31-8b-instant,Llama 3.1 8B Instant,Groq,2026-06-29,snapshot,,0.05,1.0,
groq-llama-31-8b-instant,Llama 3.1 8B Instant,Groq,2026-06-30,snapshot,,0.05,1.0,
groq-llama-31-8b-instant,Llama 3.1 8B Instant,Groq,2026-07-01,snapshot,,0.05,1.0,
groq-llama-31-8b-instant,Llama 3.1 8B Instant,Groq,2026-07-02,snapshot,,0.05,1.0,
groq-llama-31-8b-instant,Llama 3.1 8B Instant,Groq,2026-07-03,snapshot,,0.05,1.0,
groq-llama-31-8b-instant,Llama 3.1 8B Instant,Groq,2026-07-04,price_drop,verified,0.05,0.08,
groq-llama-33-70b-versatile,Llama 3.3 70B Versatile,Groq,2024-12-11,backfill,litellm-archive,0.59,0.79,
groq-llama-33-70b-versatile,Llama 3.3 70B Versatile,Groq,2026-06-23,backfill,litellm-archive,0.59,0.79,
groq-llama-33-70b-versatile,Llama 3.3 70B Versatile,Groq,2026-06-25,baseline,,0.59,1.0,
groq-llama-33-70b-versatile,Llama 3.3 70B Versatile,Groq,2026-06-29,snapshot,,0.59,1.0,
groq-llama-33-70b-versatile,Llama 3.3 70B Versatile,Groq,2026-06-30,snapshot,,0.59,1.0,
groq-llama-33-70b-versatile,Llama 3.3 70B Versatile,Groq,2026-07-01,snapshot,,0.59,1.0,
groq-llama-33-70b-versatile,Llama 3.3 70B Versatile,Groq,2026-07-02,snapshot,,0.59,1.0,
groq-llama-33-70b-versatile,Llama 3.3 70B Versatile,Groq,2026-07-03,snapshot,,0.59,1.0,
groq-llama-33-70b-versatile,Llama 3.3 70B Versatile,Groq,2026-07-04,price_drop,verified,0.59,0.79,
groq-llama-4-scout,Llama 4 Scout,Groq,2025-05-19,backfill,litellm-archive,0.11,0.34,
groq-llama-4-scout,Llama 4 Scout,Groq,2026-06-23,backfill,litellm-archive,0.11,0.34,
groq-llama-4-scout,Llama 4 Scout,Groq,2026-06-25,baseline,,0.11,1.0,
groq-llama-4-scout,Llama 4 Scout,Groq,2026-06-29,snapshot,,0.11,1.0,
groq-llama-4-scout,Llama 4 Scout,Groq,2026-06-30,snapshot,,0.11,1.0,
groq-llama-4-scout,Llama 4 Scout,Groq,2026-07-01,snapshot,,0.11,1.0,
groq-llama-4-scout,Llama 4 Scout,Groq,2026-07-02,snapshot,,0.11,1.0,
groq-llama-4-scout,Llama 4 Scout,Groq,2026-07-03,snapshot,,0.11,1.0,
groq-llama-4-scout,Llama 4 Scout,Groq,2026-07-04,price_drop,verified,0.11,0.34,
groq-qwen-36-27b,Qwen 3.6 27B,Groq,2026-06-25,baseline,,0.6,1.0,
groq-qwen-36-27b,Qwen 3.6 27B,Groq,2026-06-29,snapshot,,0.6,1.0,
groq-qwen-36-27b,Qwen 3.6 27B,Groq,2026-06-30,snapshot,,0.6,1.0,
groq-qwen-36-27b,Qwen 3.6 27B,Groq,2026-07-01,snapshot,,0.6,1.0,
groq-qwen-36-27b,Qwen 3.6 27B,Groq,2026-07-02,snapshot,,0.6,1.0,
groq-qwen-36-27b,Qwen 3.6 27B,Groq,2026-07-03,snapshot,,0.6,1.0,
groq-qwen-36-27b,Qwen 3.6 27B,Groq,2026-07-04,price_increase,verified,0.6,3.0,
groq-qwen3-32b,Qwen3 32B,Groq,2025-07-28,backfill,litellm-archive,0.29,0.59,
groq-qwen3-32b,Qwen3 32B,Groq,2026-06-23,backfill,litellm-archive,0.29,0.59,
groq-qwen3-32b,Qwen3 32B,Groq,2026-06-25,baseline,,0.29,1.0,
groq-qwen3-32b,Qwen3 32B,Groq,2026-06-29,snapshot,,0.29,1.0,
groq-qwen3-32b,Qwen3 32B,Groq,2026-06-30,snapshot,,0.29,1.0,
groq-qwen3-32b,Qwen3 32B,Groq,2026-07-01,snapshot,,0.29,1.0,
groq-qwen3-32b,Qwen3 32B,Groq,2026-07-02,snapshot,,0.29,1.0,
groq-qwen3-32b,Qwen3 32B,Groq,2026-07-03,snapshot,,0.29,1.0,
groq-qwen3-32b,Qwen3 32B,Groq,2026-07-04,price_drop,verified,0.29,0.59,
ibm-granite-4-h-large,Granite 4 H Large,IBM,2026-06-25,baseline,,0.3,1.2,
ibm-granite-4-h-large,Granite 4 H Large,IBM,2026-06-29,snapshot,,0.3,1.2,
ibm-granite-4-h-large,Granite 4 H Large,IBM,2026-06-30,snapshot,,0.3,1.2,
ibm-granite-4-h-large,Granite 4 H Large,IBM,2026-07-01,snapshot,,0.3,1.2,
ibm-granite-4-h-large,Granite 4 H Large,IBM,2026-07-02,snapshot,,0.3,1.2,
ibm-granite-4-h-large,Granite 4 H Large,IBM,2026-07-03,snapshot,,0.3,1.2,
ibm-granite-4-h-large,Granite 4 H Large,IBM,2026-07-04,snapshot,,0.3,1.2,
ibm-granite-4-h-medium,Granite 4 H Medium,IBM,2026-06-25,baseline,,0.15,0.6,
ibm-granite-4-h-medium,Granite 4 H Medium,IBM,2026-06-29,snapshot,,0.15,0.6,
ibm-granite-4-h-medium,Granite 4 H Medium,IBM,2026-06-30,snapshot,,0.15,0.6,
ibm-granite-4-h-medium,Granite 4 H Medium,IBM,2026-07-01,snapshot,,0.15,0.6,
ibm-granite-4-h-medium,Granite 4 H Medium,IBM,2026-07-02,snapshot,,0.15,0.6,
ibm-granite-4-h-medium,Granite 4 H Medium,IBM,2026-07-03,snapshot,,0.15,0.6,
ibm-granite-4-h-medium,Granite 4 H Medium,IBM,2026-07-04,snapshot,,0.15,0.6,
ibm-granite-4-h-small,Granite 4 H Small,IBM,2025-10-20,backfill,litellm-archive,0.06,0.25,
ibm-granite-4-h-small,Granite 4 H Small,IBM,2026-06-23,backfill,litellm-archive,0.06,0.25,
ibm-granite-4-h-small,Granite 4 H Small,IBM,2026-06-25,baseline,,0.06,0.25,
ibm-granite-4-h-small,Granite 4 H Small,IBM,2026-06-29,snapshot,,0.06,0.25,
ibm-granite-4-h-small,Granite 4 H Small,IBM,2026-06-30,snapshot,,0.06,0.25,
ibm-granite-4-h-small,Granite 4 H Small,IBM,2026-07-01,snapshot,,0.06,0.25,
ibm-granite-4-h-small,Granite 4 H Small,IBM,2026-07-02,snapshot,,0.06,0.25,
ibm-granite-4-h-small,Granite 4 H Small,IBM,2026-07-03,snapshot,,0.06,0.25,
ibm-granite-4-h-small,Granite 4 H Small,IBM,2026-07-04,snapshot,,0.06,0.25,
ibm-granite-40-micro,Granite 4.0 Micro,IBM,2026-06-25,baseline,,0.017,0.112,
ibm-granite-40-micro,Granite 4.0 Micro,IBM,2026-06-29,snapshot,,0.017,0.112,
ibm-granite-40-micro,Granite 4.0 Micro,IBM,2026-06-30,snapshot,,0.017,0.112,
ibm-granite-40-micro,Granite 4.0 Micro,IBM,2026-07-01,snapshot,,0.017,0.112,
ibm-granite-40-micro,Granite 4.0 Micro,IBM,2026-07-02,snapshot,,0.017,0.112,
ibm-granite-40-micro,Granite 4.0 Micro,IBM,2026-07-03,snapshot,,0.017,0.112,
ibm-granite-40-micro,Granite 4.0 Micro,IBM,2026-07-04,snapshot,,0.017,0.112,
ibm-granite-embedding-278m,Granite Embedding 278M Multilingual,IBM,2026-06-25,baseline,,0.106,,
ibm-granite-embedding-278m,Granite Embedding 278M Multilingual,IBM,2026-06-29,snapshot,,0.106,,
ibm-granite-embedding-278m,Granite Embedding 278M Multilingual,IBM,2026-06-30,snapshot,,0.106,,
ibm-granite-embedding-278m,Granite Embedding 278M Multilingual,IBM,2026-07-01,snapshot,,0.106,,
ibm-granite-embedding-278m,Granite Embedding 278M Multilingual,IBM,2026-07-02,snapshot,,0.106,,
ibm-granite-embedding-278m,Granite Embedding 278M Multilingual,IBM,2026-07-03,snapshot,,0.106,,
ibm-granite-embedding-278m,Granite Embedding 278M Multilingual,IBM,2026-07-04,snapshot,,0.106,,
meta-llama-31-8b,Llama 3.1 8B,Meta,2026-06-25,baseline,,0.05,0.08,
meta-llama-31-8b,Llama 3.1 8B,Meta,2026-06-29,snapshot,,0.05,0.08,
meta-llama-31-8b,Llama 3.1 8B,Meta,2026-06-30,snapshot,,0.05,0.08,
meta-llama-31-8b,Llama 3.1 8B,Meta,2026-07-01,snapshot,,0.05,0.08,
meta-llama-31-8b,Llama 3.1 8B,Meta,2026-07-02,snapshot,,0.05,0.08,
meta-llama-31-8b,Llama 3.1 8B,Meta,2026-07-03,snapshot,,0.05,0.08,
meta-llama-31-8b,Llama 3.1 8B,Meta,2026-07-04,snapshot,,0.05,0.08,
meta-llama-33-70b,Llama 3.3 70B,Meta,2026-06-25,baseline,,0.59,0.79,
meta-llama-33-70b,Llama 3.3 70B,Meta,2026-06-29,snapshot,,0.59,0.79,
meta-llama-33-70b,Llama 3.3 70B,Meta,2026-06-30,snapshot,,0.59,0.79,
meta-llama-33-70b,Llama 3.3 70B,Meta,2026-07-01,snapshot,,0.59,0.79,
meta-llama-33-70b,Llama 3.3 70B,Meta,2026-07-02,snapshot,,0.59,0.79,
meta-llama-33-70b,Llama 3.3 70B,Meta,2026-07-03,snapshot,,0.59,0.79,
meta-llama-33-70b,Llama 3.3 70B,Meta,2026-07-04,snapshot,,0.59,0.79,
meta-llama-4-scout,Llama 4 Scout,Meta,2026-06-25,baseline,,0.11,0.34,
meta-llama-4-scout,Llama 4 Scout,Meta,2026-06-29,snapshot,,0.11,0.34,
meta-llama-4-scout,Llama 4 Scout,Meta,2026-06-30,snapshot,,0.11,0.34,
meta-llama-4-scout,Llama 4 Scout,Meta,2026-07-01,snapshot,,0.11,0.34,
meta-llama-4-scout,Llama 4 Scout,Meta,2026-07-02,snapshot,,0.11,0.34,
meta-llama-4-scout,Llama 4 Scout,Meta,2026-07-03,snapshot,,0.11,0.34,
meta-llama-4-scout,Llama 4 Scout,Meta,2026-07-04,snapshot,,0.11,0.34,
minimax-m2,MiniMax-M2,MiniMax,2025-12-29,backfill,litellm-archive,0.3,1.2,
minimax-m2,MiniMax-M2,MiniMax,2026-06-23,backfill,litellm-archive,0.3,1.2,
minimax-m2,MiniMax-M2,MiniMax,2026-06-25,baseline,,0.3,1.2,0.03
minimax-m2,MiniMax-M2,MiniMax,2026-06-29,snapshot,,0.3,1.2,0.03
minimax-m2,MiniMax-M2,MiniMax,2026-06-30,snapshot,,0.3,1.2,0.03
minimax-m2,MiniMax-M2,MiniMax,2026-07-01,snapshot,,0.3,1.2,0.03
minimax-m2,MiniMax-M2,MiniMax,2026-07-02,snapshot,,0.3,1.2,0.03
minimax-m2,MiniMax-M2,MiniMax,2026-07-03,snapshot,,0.3,1.2,0.03
minimax-m2,MiniMax-M2,MiniMax,2026-07-04,snapshot,,0.3,1.2,0.03
minimax-m21,MiniMax-M2.1,MiniMax,2025-12-29,backfill,litellm-archive,0.3,1.2,
minimax-m21,MiniMax-M2.1,MiniMax,2026-06-23,backfill,litellm-archive,0.3,1.2,
minimax-m21,MiniMax-M2.1,MiniMax,2026-06-25,baseline,,0.3,1.2,0.03
minimax-m21,MiniMax-M2.1,MiniMax,2026-06-29,snapshot,,0.3,1.2,0.03
minimax-m21,MiniMax-M2.1,MiniMax,2026-06-30,snapshot,,0.3,1.2,0.03
minimax-m21,MiniMax-M2.1,MiniMax,2026-07-01,snapshot,,0.3,1.2,0.03
minimax-m21,MiniMax-M2.1,MiniMax,2026-07-02,snapshot,,0.3,1.2,0.03
minimax-m21,MiniMax-M2.1,MiniMax,2026-07-03,snapshot,,0.3,1.2,0.03
minimax-m21,MiniMax-M2.1,MiniMax,2026-07-04,snapshot,,0.3,1.2,0.03
minimax-m25,MiniMax-M2.5,MiniMax,2026-02-16,backfill,litellm-archive,0.3,1.2,
minimax-m25,MiniMax-M2.5,MiniMax,2026-06-23,backfill,litellm-archive,0.3,1.2,
minimax-m25,MiniMax-M2.5,MiniMax,2026-06-25,baseline,,0.3,1.2,0.03
minimax-m25,MiniMax-M2.5,MiniMax,2026-06-29,snapshot,,0.3,1.2,0.03
minimax-m25,MiniMax-M2.5,MiniMax,2026-06-30,snapshot,,0.3,1.2,0.03
minimax-m25,MiniMax-M2.5,MiniMax,2026-07-01,snapshot,,0.3,1.2,0.03
minimax-m25,MiniMax-M2.5,MiniMax,2026-07-02,snapshot,,0.3,1.2,0.03
minimax-m25,MiniMax-M2.5,MiniMax,2026-07-03,snapshot,,0.3,1.2,0.03
minimax-m25,MiniMax-M2.5,MiniMax,2026-07-04,snapshot,,0.3,1.2,0.03
minimax-m27,MiniMax-M2.7,MiniMax,2026-06-25,baseline,,0.3,1.2,0.06
minimax-m27,MiniMax-M2.7,MiniMax,2026-06-29,snapshot,,0.3,1.2,0.06
minimax-m27,MiniMax-M2.7,MiniMax,2026-06-30,snapshot,,0.3,1.2,0.06
minimax-m27,MiniMax-M2.7,MiniMax,2026-07-01,snapshot,,0.3,1.2,0.06
minimax-m27,MiniMax-M2.7,MiniMax,2026-07-02,snapshot,,0.3,1.2,0.06
minimax-m27,MiniMax-M2.7,MiniMax,2026-07-03,snapshot,,0.3,1.2,0.06
minimax-m27,MiniMax-M2.7,MiniMax,2026-07-04,snapshot,,0.3,1.2,0.06
minimax-m3,MiniMax-M3,MiniMax,2026-06-09,backfill,litellm-archive,0.6,2.4,
minimax-m3,MiniMax-M3,MiniMax,2026-06-17,backfill,litellm-archive,0.3,1.2,
minimax-m3,MiniMax-M3,MiniMax,2026-06-23,backfill,litellm-archive,0.3,1.2,
minimax-m3,MiniMax-M3,MiniMax,2026-06-25,baseline,,0.3,1.2,0.06
minimax-m3,MiniMax-M3,MiniMax,2026-06-29,snapshot,,0.3,1.2,0.06
minimax-m3,MiniMax-M3,MiniMax,2026-06-30,snapshot,,0.3,1.2,0.06
minimax-m3,MiniMax-M3,MiniMax,2026-07-01,snapshot,,0.3,1.2,0.06
minimax-m3,MiniMax-M3,MiniMax,2026-07-02,snapshot,,0.3,1.2,0.06
minimax-m3,MiniMax-M3,MiniMax,2026-07-03,snapshot,,0.3,1.2,0.06
minimax-m3,MiniMax-M3,MiniMax,2026-07-04,snapshot,,0.3,1.2,0.06
mistral-codestral,Codestral,Mistral,2026-06-25,baseline,,0.3,0.9,
mistral-codestral,Codestral,Mistral,2026-06-29,snapshot,,0.3,0.9,
mistral-codestral,Codestral,Mistral,2026-06-30,snapshot,,0.3,0.9,
mistral-codestral,Codestral,Mistral,2026-07-01,snapshot,,0.3,0.9,
mistral-codestral,Codestral,Mistral,2026-07-02,snapshot,,0.3,0.9,
mistral-codestral,Codestral,Mistral,2026-07-03,snapshot,,0.3,0.9,
mistral-codestral,Codestral,Mistral,2026-07-04,snapshot,,0.3,0.9,
mistral-codestral-2508,Codestral 2508,Mistral,2025-12-15,backfill,litellm-archive,0.3,0.9,
mistral-codestral-2508,Codestral 2508,Mistral,2026-06-23,backfill,litellm-archive,0.3,0.9,
mistral-codestral-2508,Codestral 2508,Mistral,2026-06-25,baseline,,0.3,0.9,
mistral-codestral-2508,Codestral 2508,Mistral,2026-06-29,snapshot,,0.3,0.9,
mistral-codestral-2508,Codestral 2508,Mistral,2026-06-30,snapshot,,0.3,0.9,
mistral-codestral-2508,Codestral 2508,Mistral,2026-07-01,snapshot,,0.3,0.9,
mistral-codestral-2508,Codestral 2508,Mistral,2026-07-02,snapshot,,0.3,0.9,
mistral-codestral-2508,Codestral 2508,Mistral,2026-07-03,snapshot,,0.3,0.9,
mistral-codestral-2508,Codestral 2508,Mistral,2026-07-04,snapshot,,0.3,0.9,
mistral-devstral-2,Devstral 2 2512,Mistral,2026-06-25,baseline,,0.4,2.0,
mistral-devstral-2,Devstral 2 2512,Mistral,2026-06-29,snapshot,,0.4,2.0,
mistral-devstral-2,Devstral 2 2512,Mistral,2026-06-30,snapshot,,0.4,2.0,
mistral-devstral-2,Devstral 2 2512,Mistral,2026-07-01,snapshot,,0.4,2.0,
mistral-devstral-2,Devstral 2 2512,Mistral,2026-07-02,snapshot,,0.4,2.0,
mistral-devstral-2,Devstral 2 2512,Mistral,2026-07-03,snapshot,,0.4,2.0,
mistral-devstral-2,Devstral 2 2512,Mistral,2026-07-04,snapshot,,0.4,2.0,
mistral-large-3,Mistral Large 3,Mistral,2025-12-08,backfill,litellm-archive,0.5,1.5,
mistral-large-3,Mistral Large 3,Mistral,2026-06-23,backfill,litellm-archive,0.5,1.5,
mistral-large-3,Mistral Large 3,Mistral,2026-06-25,baseline,,0.5,1.5,
mistral-large-3,Mistral Large 3,Mistral,2026-06-29,snapshot,,0.5,1.5,
mistral-large-3,Mistral Large 3,Mistral,2026-06-30,snapshot,,0.5,1.5,
mistral-large-3,Mistral Large 3,Mistral,2026-07-01,snapshot,,0.5,1.5,
mistral-large-3,Mistral Large 3,Mistral,2026-07-02,snapshot,,0.5,1.5,
mistral-large-3,Mistral Large 3,Mistral,2026-07-03,snapshot,,0.5,1.5,
mistral-large-3,Mistral Large 3,Mistral,2026-07-04,snapshot,,0.5,1.5,
mistral-magistral-medium,Magistral Medium,Mistral,2026-06-25,baseline,,2.0,5.0,
mistral-magistral-medium,Magistral Medium,Mistral,2026-06-29,snapshot,,2.0,5.0,
mistral-magistral-medium,Magistral Medium,Mistral,2026-06-30,snapshot,,2.0,5.0,
mistral-magistral-medium,Magistral Medium,Mistral,2026-07-01,snapshot,,2.0,5.0,
mistral-magistral-medium,Magistral Medium,Mistral,2026-07-02,snapshot,,2.0,5.0,
mistral-magistral-medium,Magistral Medium,Mistral,2026-07-03,snapshot,,2.0,5.0,
mistral-magistral-medium,Magistral Medium,Mistral,2026-07-04,snapshot,,2.0,5.0,
mistral-medium-3,Mistral Medium 3,Mistral,2026-06-25,baseline,,0.4,2.0,
mistral-medium-3,Mistral Medium 3,Mistral,2026-06-29,snapshot,,0.4,2.0,
mistral-medium-3,Mistral Medium 3,Mistral,2026-06-30,snapshot,,0.4,2.0,
mistral-medium-3,Mistral Medium 3,Mistral,2026-07-01,snapshot,,0.4,2.0,
mistral-medium-3,Mistral Medium 3,Mistral,2026-07-02,snapshot,,0.4,2.0,
mistral-medium-3,Mistral Medium 3,Mistral,2026-07-03,snapshot,,0.4,2.0,
mistral-medium-3,Mistral Medium 3,Mistral,2026-07-04,snapshot,,0.4,2.0,
mistral-medium-35,Mistral Medium 3.5,Mistral,2026-06-23,backfill,litellm-archive,1.5,7.5,
mistral-medium-35,Mistral Medium 3.5,Mistral,2026-06-25,baseline,,1.5,7.5,
mistral-medium-35,Mistral Medium 3.5,Mistral,2026-06-29,snapshot,,1.5,7.5,
mistral-medium-35,Mistral Medium 3.5,Mistral,2026-06-30,snapshot,,1.5,7.5,
mistral-medium-35,Mistral Medium 3.5,Mistral,2026-07-01,snapshot,,1.5,7.5,
mistral-medium-35,Mistral Medium 3.5,Mistral,2026-07-02,snapshot,,1.5,7.5,
mistral-medium-35,Mistral Medium 3.5,Mistral,2026-07-03,snapshot,,1.5,7.5,
mistral-medium-35,Mistral Medium 3.5,Mistral,2026-07-04,snapshot,,1.5,7.5,
mistral-ministral-3b,Ministral 3 3B,Mistral,2026-03-09,backfill,litellm-archive,0.1,0.1,
mistral-ministral-3b,Ministral 3 3B,Mistral,2026-06-23,backfill,litellm-archive,0.1,0.1,
mistral-ministral-3b,Ministral 3 3B,Mistral,2026-06-25,baseline,,0.1,0.1,
mistral-ministral-3b,Ministral 3 3B,Mistral,2026-06-29,snapshot,,0.1,0.1,
mistral-ministral-3b,Ministral 3 3B,Mistral,2026-06-30,snapshot,,0.1,0.1,
mistral-ministral-3b,Ministral 3 3B,Mistral,2026-07-01,snapshot,,0.1,0.1,
mistral-ministral-3b,Ministral 3 3B,Mistral,2026-07-02,snapshot,,0.1,0.1,
mistral-ministral-3b,Ministral 3 3B,Mistral,2026-07-03,snapshot,,0.1,0.1,
mistral-ministral-3b,Ministral 3 3B,Mistral,2026-07-04,snapshot,,0.1,0.1,
mistral-mixtral-8x22b,Mixtral 8x22B Instruct,Mistral,2026-06-25,baseline,,2.0,6.0,
mistral-mixtral-8x22b,Mixtral 8x22B Instruct,Mistral,2026-06-29,snapshot,,2.0,6.0,
mistral-mixtral-8x22b,Mixtral 8x22B Instruct,Mistral,2026-06-30,snapshot,,2.0,6.0,
mistral-mixtral-8x22b,Mixtral 8x22B Instruct,Mistral,2026-07-01,snapshot,,2.0,6.0,
mistral-mixtral-8x22b,Mixtral 8x22B Instruct,Mistral,2026-07-02,snapshot,,2.0,6.0,
mistral-mixtral-8x22b,Mixtral 8x22B Instruct,Mistral,2026-07-03,snapshot,,2.0,6.0,
mistral-mixtral-8x22b,Mixtral 8x22B Instruct,Mistral,2026-07-04,snapshot,,2.0,6.0,
mistral-mixtral-8x7b,Mixtral 8x7B Instruct,Mistral,2026-06-25,baseline,,0.54,0.54,
mistral-mixtral-8x7b,Mixtral 8x7B Instruct,Mistral,2026-06-29,snapshot,,0.54,0.54,
mistral-mixtral-8x7b,Mixtral 8x7B Instruct,Mistral,2026-06-30,snapshot,,0.54,0.54,
mistral-mixtral-8x7b,Mixtral 8x7B Instruct,Mistral,2026-07-01,snapshot,,0.54,0.54,
mistral-mixtral-8x7b,Mixtral 8x7B Instruct,Mistral,2026-07-02,snapshot,,0.54,0.54,
mistral-mixtral-8x7b,Mixtral 8x7B Instruct,Mistral,2026-07-03,snapshot,,0.54,0.54,
mistral-mixtral-8x7b,Mixtral 8x7B Instruct,Mistral,2026-07-04,snapshot,,0.54,0.54,
mistral-pixtral-12b,Pixtral 12B,Mistral,2024-10-03,backfill,litellm-archive,0.15,0.15,
mistral-pixtral-12b,Pixtral 12B,Mistral,2026-06-23,backfill,litellm-archive,0.15,0.15,
mistral-pixtral-12b,Pixtral 12B,Mistral,2026-06-25,baseline,,0.1,0.1,
mistral-pixtral-12b,Pixtral 12B,Mistral,2026-06-29,snapshot,,0.1,0.1,
mistral-pixtral-12b,Pixtral 12B,Mistral,2026-06-30,snapshot,,0.1,0.1,
mistral-pixtral-12b,Pixtral 12B,Mistral,2026-07-01,snapshot,,0.1,0.1,
mistral-pixtral-12b,Pixtral 12B,Mistral,2026-07-02,snapshot,,0.1,0.1,
mistral-pixtral-12b,Pixtral 12B,Mistral,2026-07-03,snapshot,,0.1,0.1,
mistral-pixtral-12b,Pixtral 12B,Mistral,2026-07-04,snapshot,,0.1,0.1,
mistral-pixtral-large,Pixtral Large 2411,Mistral,2025-01-06,backfill,litellm-archive,2.0,6.0,
mistral-pixtral-large,Pixtral Large 2411,Mistral,2026-06-23,backfill,litellm-archive,2.0,6.0,
mistral-pixtral-large,Pixtral Large 2411,Mistral,2026-06-25,baseline,,2.0,6.0,
mistral-pixtral-large,Pixtral Large 2411,Mistral,2026-06-29,snapshot,,2.0,6.0,
mistral-pixtral-large,Pixtral Large 2411,Mistral,2026-06-30,snapshot,,2.0,6.0,
mistral-pixtral-large,Pixtral Large 2411,Mistral,2026-07-01,snapshot,,2.0,6.0,
mistral-pixtral-large,Pixtral Large 2411,Mistral,2026-07-02,snapshot,,2.0,6.0,
mistral-pixtral-large,Pixtral Large 2411,Mistral,2026-07-03,snapshot,,2.0,6.0,
mistral-pixtral-large,Pixtral Large 2411,Mistral,2026-07-04,snapshot,,2.0,6.0,
mistral-small-32,Mistral Small 3.2 24B,Mistral,2026-06-25,baseline,,0.08,0.2,
mistral-small-32,Mistral Small 3.2 24B,Mistral,2026-06-29,snapshot,,0.08,0.2,
mistral-small-32,Mistral Small 3.2 24B,Mistral,2026-06-30,snapshot,,0.08,0.2,
mistral-small-32,Mistral Small 3.2 24B,Mistral,2026-07-01,snapshot,,0.08,0.2,
mistral-small-32,Mistral Small 3.2 24B,Mistral,2026-07-02,snapshot,,0.08,0.2,
mistral-small-32,Mistral Small 3.2 24B,Mistral,2026-07-03,snapshot,,0.08,0.2,
mistral-small-32,Mistral Small 3.2 24B,Mistral,2026-07-04,snapshot,,0.08,0.2,
mistral-small-4,Mistral Small 4,Mistral,2026-06-25,baseline,,0.15,0.6,
mistral-small-4,Mistral Small 4,Mistral,2026-06-29,snapshot,,0.15,0.6,
mistral-small-4,Mistral Small 4,Mistral,2026-06-30,snapshot,,0.15,0.6,
mistral-small-4,Mistral Small 4,Mistral,2026-07-01,snapshot,,0.15,0.6,
mistral-small-4,Mistral Small 4,Mistral,2026-07-02,snapshot,,0.15,0.6,
mistral-small-4,Mistral Small 4,Mistral,2026-07-03,snapshot,,0.15,0.6,
mistral-small-4,Mistral Small 4,Mistral,2026-07-04,snapshot,,0.15,0.6,
mistral-voxtral-small,Voxtral Small 24B,Mistral,2026-06-25,baseline,,0.1,0.3,
mistral-voxtral-small,Voxtral Small 24B,Mistral,2026-06-29,snapshot,,0.1,0.3,
mistral-voxtral-small,Voxtral Small 24B,Mistral,2026-06-30,snapshot,,0.1,0.3,
mistral-voxtral-small,Voxtral Small 24B,Mistral,2026-07-01,snapshot,,0.1,0.3,
mistral-voxtral-small,Voxtral Small 24B,Mistral,2026-07-02,snapshot,,0.1,0.3,
mistral-voxtral-small,Voxtral Small 24B,Mistral,2026-07-03,snapshot,,0.1,0.3,
mistral-voxtral-small,Voxtral Small 24B,Mistral,2026-07-04,snapshot,,0.1,0.3,
moonshot-kimi-k25,Kimi K2.5,Moonshot,2026-02-09,backfill,litellm-archive,0.6,3.0,
moonshot-kimi-k25,Kimi K2.5,Moonshot,2026-06-23,backfill,litellm-archive,0.6,3.0,
moonshot-kimi-k25,Kimi K2.5,Moonshot,2026-06-25,baseline,,0.6,3.0,0.1
moonshot-kimi-k25,Kimi K2.5,Moonshot,2026-06-29,snapshot,,0.6,3.0,0.1
moonshot-kimi-k25,Kimi K2.5,Moonshot,2026-06-30,snapshot,,0.6,3.0,0.1
moonshot-kimi-k25,Kimi K2.5,Moonshot,2026-07-01,snapshot,,0.6,3.0,0.1
moonshot-kimi-k25,Kimi K2.5,Moonshot,2026-07-02,snapshot,,0.6,3.0,0.1
moonshot-kimi-k25,Kimi K2.5,Moonshot,2026-07-03,snapshot,,0.6,3.0,0.1
moonshot-kimi-k25,Kimi K2.5,Moonshot,2026-07-04,snapshot,,0.6,3.0,0.1
moonshot-kimi-k26,Kimi K2.6,Moonshot,2026-04-27,backfill,litellm-archive,0.95,4.0,
moonshot-kimi-k26,Kimi K2.6,Moonshot,2026-06-23,backfill,litellm-archive,0.95,4.0,
moonshot-kimi-k26,Kimi K2.6,Moonshot,2026-06-25,baseline,,0.95,4.0,0.16
moonshot-kimi-k26,Kimi K2.6,Moonshot,2026-06-29,snapshot,,0.95,4.0,0.16
moonshot-kimi-k26,Kimi K2.6,Moonshot,2026-06-30,snapshot,,0.95,4.0,0.16
moonshot-kimi-k26,Kimi K2.6,Moonshot,2026-07-01,snapshot,,0.95,4.0,0.16
moonshot-kimi-k26,Kimi K2.6,Moonshot,2026-07-02,snapshot,,0.95,4.0,0.16
moonshot-kimi-k26,Kimi K2.6,Moonshot,2026-07-03,snapshot,,0.95,4.0,0.16
moonshot-kimi-k26,Kimi K2.6,Moonshot,2026-07-04,snapshot,,0.95,4.0,0.16
moonshot-kimi-k27-code,Kimi K2.7 Code,Moonshot,2026-06-25,baseline,,0.95,4.0,0.19
moonshot-kimi-k27-code,Kimi K2.7 Code,Moonshot,2026-06-29,snapshot,,0.95,4.0,0.19
moonshot-kimi-k27-code,Kimi K2.7 Code,Moonshot,2026-06-30,snapshot,,0.95,4.0,0.19
moonshot-kimi-k27-code,Kimi K2.7 Code,Moonshot,2026-07-01,snapshot,,0.95,4.0,0.19
moonshot-kimi-k27-code,Kimi K2.7 Code,Moonshot,2026-07-02,snapshot,,0.95,4.0,0.19
moonshot-kimi-k27-code,Kimi K2.7 Code,Moonshot,2026-07-03,snapshot,,0.95,4.0,0.19
moonshot-kimi-k27-code,Kimi K2.7 Code,Moonshot,2026-07-04,snapshot,,0.95,4.0,0.19
moonshot-kimi-k27-code-highspeed,Kimi K2.7 Code HighSpeed,Moonshot,2026-06-25,baseline,,1.9,8.0,0.38
moonshot-kimi-k27-code-highspeed,Kimi K2.7 Code HighSpeed,Moonshot,2026-06-29,snapshot,,1.9,8.0,0.38
moonshot-kimi-k27-code-highspeed,Kimi K2.7 Code HighSpeed,Moonshot,2026-06-30,snapshot,,1.9,8.0,0.38
moonshot-kimi-k27-code-highspeed,Kimi K2.7 Code HighSpeed,Moonshot,2026-07-01,snapshot,,1.9,8.0,0.38
moonshot-kimi-k27-code-highspeed,Kimi K2.7 Code HighSpeed,Moonshot,2026-07-02,snapshot,,1.9,8.0,0.38
moonshot-kimi-k27-code-highspeed,Kimi K2.7 Code HighSpeed,Moonshot,2026-07-03,snapshot,,1.9,8.0,0.38
moonshot-kimi-k27-code-highspeed,Kimi K2.7 Code HighSpeed,Moonshot,2026-07-04,snapshot,,1.9,8.0,0.38
nvidia-llama-nemotron-ultra-253b,Llama Nemotron Ultra 253B,NVIDIA,2026-06-25,baseline,,0.6,3.6,
nvidia-llama-nemotron-ultra-253b,Llama Nemotron Ultra 253B,NVIDIA,2026-06-29,snapshot,,0.6,3.6,
nvidia-llama-nemotron-ultra-253b,Llama Nemotron Ultra 253B,NVIDIA,2026-06-30,snapshot,,0.6,3.6,
nvidia-llama-nemotron-ultra-253b,Llama Nemotron Ultra 253B,NVIDIA,2026-07-01,snapshot,,0.6,3.6,
nvidia-llama-nemotron-ultra-253b,Llama Nemotron Ultra 253B,NVIDIA,2026-07-02,snapshot,,0.6,3.6,
nvidia-llama-nemotron-ultra-253b,Llama Nemotron Ultra 253B,NVIDIA,2026-07-03,snapshot,,0.6,3.6,
nvidia-llama-nemotron-ultra-253b,Llama Nemotron Ultra 253B,NVIDIA,2026-07-04,snapshot,,0.6,3.6,
nvidia-nemotron-3-ultra,Nemotron 3 Ultra,NVIDIA,2026-06-25,baseline,,0.6,3.6,0.12
nvidia-nemotron-3-ultra,Nemotron 3 Ultra,NVIDIA,2026-06-29,snapshot,,0.6,3.6,0.12
nvidia-nemotron-3-ultra,Nemotron 3 Ultra,NVIDIA,2026-06-30,snapshot,,0.6,3.6,0.12
nvidia-nemotron-3-ultra,Nemotron 3 Ultra,NVIDIA,2026-07-01,snapshot,,0.6,3.6,0.12
nvidia-nemotron-3-ultra,Nemotron 3 Ultra,NVIDIA,2026-07-02,snapshot,,0.6,3.6,0.12
nvidia-nemotron-3-ultra,Nemotron 3 Ultra,NVIDIA,2026-07-03,snapshot,,0.6,3.6,0.12
nvidia-nemotron-3-ultra,Nemotron 3 Ultra,NVIDIA,2026-07-04,snapshot,,0.6,3.6,0.12
nvidia-nemotron-70b-instruct,Nemotron 70B Instruct,NVIDIA,2026-06-27,baseline,,1.2,1.2,
nvidia-nemotron-70b-instruct,Nemotron 70B Instruct,NVIDIA,2026-06-29,snapshot,,1.2,1.2,
nvidia-nemotron-70b-instruct,Nemotron 70B Instruct,NVIDIA,2026-06-30,snapshot,,1.2,1.2,
nvidia-nemotron-70b-instruct,Nemotron 70B Instruct,NVIDIA,2026-07-01,snapshot,,1.2,1.2,
nvidia-nemotron-70b-instruct,Nemotron 70B Instruct,NVIDIA,2026-07-02,snapshot,,1.2,1.2,
nvidia-nemotron-70b-instruct,Nemotron 70B Instruct,NVIDIA,2026-07-03,snapshot,,1.2,1.2,
nvidia-nemotron-70b-instruct,Nemotron 70B Instruct,NVIDIA,2026-07-04,snapshot,,1.2,1.2,
openai-gpt-41,GPT-4.1,OpenAI,2025-04-14,backfill,litellm-archive,2.0,8.0,
openai-gpt-41,GPT-4.1,OpenAI,2026-06-23,backfill,litellm-archive,2.0,8.0,
openai-gpt-41,GPT-4.1,OpenAI,2026-06-25,baseline,,2.0,8.0,0.5
openai-gpt-41,GPT-4.1,OpenAI,2026-06-29,snapshot,,2.0,8.0,0.5
openai-gpt-41,GPT-4.1,OpenAI,2026-06-30,snapshot,,2.0,8.0,0.5
openai-gpt-41,GPT-4.1,OpenAI,2026-07-01,snapshot,,2.0,8.0,0.5
openai-gpt-41,GPT-4.1,OpenAI,2026-07-02,snapshot,,2.0,8.0,0.5
openai-gpt-41,GPT-4.1,OpenAI,2026-07-03,snapshot,,2.0,8.0,0.5
openai-gpt-41,GPT-4.1,OpenAI,2026-07-04,snapshot,,2.0,8.0,0.5
openai-gpt-41-mini,GPT-4.1 mini,OpenAI,2025-04-14,backfill,litellm-archive,0.4,1.6,
openai-gpt-41-mini,GPT-4.1 mini,OpenAI,2026-06-23,backfill,litellm-archive,0.4,1.6,
openai-gpt-41-mini,GPT-4.1 mini,OpenAI,2026-06-25,baseline,,0.4,1.6,0.2
openai-gpt-41-mini,GPT-4.1 mini,OpenAI,2026-06-29,snapshot,,0.4,1.6,0.2
openai-gpt-41-mini,GPT-4.1 mini,OpenAI,2026-06-30,snapshot,,0.4,1.6,0.2
openai-gpt-41-mini,GPT-4.1 mini,OpenAI,2026-07-01,snapshot,,0.4,1.6,0.2
openai-gpt-41-mini,GPT-4.1 mini,OpenAI,2026-07-02,snapshot,,0.4,1.6,0.2
openai-gpt-41-mini,GPT-4.1 mini,OpenAI,2026-07-03,snapshot,,0.4,1.6,0.2
openai-gpt-41-mini,GPT-4.1 mini,OpenAI,2026-07-04,snapshot,,0.4,1.6,0.2
openai-gpt-41-nano,GPT-4.1 nano,OpenAI,2025-04-14,backfill,litellm-archive,0.1,0.4,
openai-gpt-41-nano,GPT-4.1 nano,OpenAI,2026-06-23,backfill,litellm-archive,0.1,0.4,
openai-gpt-41-nano,GPT-4.1 nano,OpenAI,2026-06-25,baseline,,0.1,0.4,0.05
openai-gpt-41-nano,GPT-4.1 nano,OpenAI,2026-06-29,snapshot,,0.1,0.4,0.05
openai-gpt-41-nano,GPT-4.1 nano,OpenAI,2026-06-30,snapshot,,0.1,0.4,0.05
openai-gpt-41-nano,GPT-4.1 nano,OpenAI,2026-07-01,snapshot,,0.1,0.4,0.05
openai-gpt-41-nano,GPT-4.1 nano,OpenAI,2026-07-02,snapshot,,0.1,0.4,0.05
openai-gpt-41-nano,GPT-4.1 nano,OpenAI,2026-07-03,snapshot,,0.1,0.4,0.05
openai-gpt-41-nano,GPT-4.1 nano,OpenAI,2026-07-04,snapshot,,0.1,0.4,0.05
openai-gpt-53-chat,GPT-5.3 Chat,OpenAI,2026-07-03,new_model,cross-check:openrouter+litellm,1.75,14.0,
openai-gpt-53-chat,GPT-5.3 Chat,OpenAI,2026-07-04,snapshot,,1.75,14.0,0.175
openai-gpt-53-codex,GPT-5.3 Codex,OpenAI,2026-07-03,new_model,cross-check:openrouter+litellm,1.75,14.0,
openai-gpt-53-codex,GPT-5.3 Codex,OpenAI,2026-07-04,snapshot,,1.75,14.0,0.175
openai-gpt-54,GPT-5.4,OpenAI,2026-03-09,backfill,litellm-archive,2.5,15.0,
openai-gpt-54,GPT-5.4,OpenAI,2026-06-23,backfill,litellm-archive,2.5,15.0,
openai-gpt-54,GPT-5.4,OpenAI,2026-06-25,baseline,,2.5,15.0,0.25
openai-gpt-54,GPT-5.4,OpenAI,2026-06-29,snapshot,,2.5,15.0,0.25
openai-gpt-54,GPT-5.4,OpenAI,2026-06-30,snapshot,,2.5,15.0,0.25
openai-gpt-54,GPT-5.4,OpenAI,2026-07-01,snapshot,,2.5,15.0,0.25
openai-gpt-54,GPT-5.4,OpenAI,2026-07-02,snapshot,,2.5,15.0,0.25
openai-gpt-54,GPT-5.4,OpenAI,2026-07-03,snapshot,,2.5,15.0,0.25
openai-gpt-54,GPT-5.4,OpenAI,2026-07-04,snapshot,,2.5,15.0,0.25
openai-gpt-54-mini,GPT-5.4 mini,OpenAI,2026-03-17,backfill,litellm-archive,0.75,4.5,
openai-gpt-54-mini,GPT-5.4 mini,OpenAI,2026-06-23,backfill,litellm-archive,0.75,4.5,
openai-gpt-54-mini,GPT-5.4 mini,OpenAI,2026-06-25,baseline,,0.75,4.5,0.075
openai-gpt-54-mini,GPT-5.4 mini,OpenAI,2026-06-29,snapshot,,0.75,4.5,0.075
openai-gpt-54-mini,GPT-5.4 mini,OpenAI,2026-06-30,snapshot,,0.75,4.5,0.075
openai-gpt-54-mini,GPT-5.4 mini,OpenAI,2026-07-01,snapshot,,0.75,4.5,0.075
openai-gpt-54-mini,GPT-5.4 mini,OpenAI,2026-07-02,snapshot,,0.75,4.5,0.075
openai-gpt-54-mini,GPT-5.4 mini,OpenAI,2026-07-03,snapshot,,0.75,4.5,0.075
openai-gpt-54-mini,GPT-5.4 mini,OpenAI,2026-07-04,snapshot,,0.75,4.5,0.075
openai-gpt-54-nano,GPT-5.4 nano,OpenAI,2026-07-03,new_model,cross-check:openrouter+litellm,0.2,1.25,
openai-gpt-54-nano,GPT-5.4 nano,OpenAI,2026-07-04,snapshot,,0.2,1.25,0.02
openai-gpt-54-pro,GPT-5.4 Pro,OpenAI,2026-07-03,new_model,cross-check:openrouter+litellm,30.0,180.0,
openai-gpt-54-pro,GPT-5.4 Pro,OpenAI,2026-07-04,snapshot,,30.0,180.0,3.0
openai-gpt-55,GPT-5.5,OpenAI,2026-04-27,backfill,litellm-archive,5.0,30.0,
openai-gpt-55,GPT-5.5,OpenAI,2026-06-23,backfill,litellm-archive,5.0,30.0,
openai-gpt-55,GPT-5.5,OpenAI,2026-06-25,baseline,,5.0,30.0,0.5
openai-gpt-55,GPT-5.5,OpenAI,2026-06-29,snapshot,,5.0,30.0,0.5
openai-gpt-55,GPT-5.5,OpenAI,2026-06-30,snapshot,,5.0,30.0,0.5
openai-gpt-55,GPT-5.5,OpenAI,2026-07-01,snapshot,,5.0,30.0,0.5
openai-gpt-55,GPT-5.5,OpenAI,2026-07-02,snapshot,,5.0,30.0,0.5
openai-gpt-55,GPT-5.5,OpenAI,2026-07-03,snapshot,,5.0,30.0,0.5
openai-gpt-55,GPT-5.5,OpenAI,2026-07-04,snapshot,,5.0,30.0,0.5
openai-gpt-55-pro,GPT-5.5 Pro,OpenAI,2026-07-03,new_model,cross-check:openrouter+litellm,30.0,180.0,
openai-gpt-55-pro,GPT-5.5 Pro,OpenAI,2026-07-04,snapshot,,30.0,180.0,3.0
openai-gpt-image-2,GPT-Image-2,OpenAI,2026-05-06,backfill,litellm-archive,5.0,10.0,
openai-gpt-image-2,GPT-Image-2,OpenAI,2026-06-23,backfill,litellm-archive,5.0,10.0,
openai-gpt-image-2,GPT-Image-2,OpenAI,2026-06-25,baseline,,8.0,30.0,2.0
openai-gpt-image-2,GPT-Image-2,OpenAI,2026-06-29,snapshot,,8.0,30.0,2.0
openai-gpt-image-2,GPT-Image-2,OpenAI,2026-06-30,snapshot,,8.0,30.0,2.0
openai-gpt-image-2,GPT-Image-2,OpenAI,2026-07-01,snapshot,,8.0,30.0,2.0
openai-gpt-image-2,GPT-Image-2,OpenAI,2026-07-02,snapshot,,8.0,30.0,2.0
openai-gpt-image-2,GPT-Image-2,OpenAI,2026-07-03,snapshot,,8.0,30.0,2.0
openai-gpt-image-2,GPT-Image-2,OpenAI,2026-07-04,reverify,verified,8.0,30.0,2.0
openai-gpt-realtime-2,GPT-Realtime-2,OpenAI,2026-05-11,backfill,litellm-archive,4.0,16.0,
openai-gpt-realtime-2,GPT-Realtime-2,OpenAI,2026-06-23,backfill,litellm-archive,4.0,16.0,
openai-gpt-realtime-2,GPT-Realtime-2,OpenAI,2026-06-25,baseline,,4.0,24.0,0.4
openai-gpt-realtime-2,GPT-Realtime-2,OpenAI,2026-06-29,snapshot,,4.0,24.0,0.4
openai-gpt-realtime-2,GPT-Realtime-2,OpenAI,2026-06-30,snapshot,,4.0,24.0,0.4
openai-gpt-realtime-2,GPT-Realtime-2,OpenAI,2026-07-01,snapshot,,4.0,24.0,0.4
openai-gpt-realtime-2,GPT-Realtime-2,OpenAI,2026-07-02,snapshot,,4.0,24.0,0.4
openai-gpt-realtime-2,GPT-Realtime-2,OpenAI,2026-07-03,snapshot,,4.0,24.0,0.4
openai-gpt-realtime-2,GPT-Realtime-2,OpenAI,2026-07-04,snapshot,,4.0,24.0,0.4
openai-o3-mini,o3-mini,OpenAI,2025-02-03,backfill,litellm-archive,1.1,4.4,
openai-o3-mini,o3-mini,OpenAI,2026-06-23,backfill,litellm-archive,1.1,4.4,
openai-o3-mini,o3-mini,OpenAI,2026-06-25,baseline,,1.1,4.4,0.55
openai-o3-mini,o3-mini,OpenAI,2026-06-29,snapshot,,1.1,4.4,0.55
openai-o3-mini,o3-mini,OpenAI,2026-06-30,snapshot,,1.1,4.4,0.55
openai-o3-mini,o3-mini,OpenAI,2026-07-01,snapshot,,1.1,4.4,0.55
openai-o3-mini,o3-mini,OpenAI,2026-07-02,snapshot,,1.1,4.4,0.55
openai-o3-mini,o3-mini,OpenAI,2026-07-03,snapshot,,1.1,4.4,0.55
openai-o3-mini,o3-mini,OpenAI,2026-07-04,snapshot,,1.1,4.4,0.55
openai-o4-mini,o4-mini,OpenAI,2025-04-22,backfill,litellm-archive,1.1,4.4,
openai-o4-mini,o4-mini,OpenAI,2026-06-23,backfill,litellm-archive,1.1,4.4,
openai-o4-mini,o4-mini,OpenAI,2026-06-25,baseline,,1.1,4.4,0.55
openai-o4-mini,o4-mini,OpenAI,2026-06-29,snapshot,,1.1,4.4,0.55
openai-o4-mini,o4-mini,OpenAI,2026-06-30,snapshot,,1.1,4.4,0.55
openai-o4-mini,o4-mini,OpenAI,2026-07-01,snapshot,,1.1,4.4,0.55
openai-o4-mini,o4-mini,OpenAI,2026-07-02,snapshot,,1.1,4.4,0.55
openai-o4-mini,o4-mini,OpenAI,2026-07-03,snapshot,,1.1,4.4,0.55
openai-o4-mini,o4-mini,OpenAI,2026-07-04,snapshot,,1.1,4.4,0.55
openai-text-embedding-3-large,text-embedding-3-large,OpenAI,2024-02-05,backfill,litellm-archive,0.13,0.0,
openai-text-embedding-3-large,text-embedding-3-large,OpenAI,2026-06-23,backfill,litellm-archive,0.13,0.0,
openai-text-embedding-3-large,text-embedding-3-large,OpenAI,2026-06-25,baseline,,0.13,,
openai-text-embedding-3-large,text-embedding-3-large,OpenAI,2026-06-29,snapshot,,0.13,,
openai-text-embedding-3-large,text-embedding-3-large,OpenAI,2026-06-30,snapshot,,0.13,,
openai-text-embedding-3-large,text-embedding-3-large,OpenAI,2026-07-01,snapshot,,0.13,,
openai-text-embedding-3-large,text-embedding-3-large,OpenAI,2026-07-02,snapshot,,0.13,,
openai-text-embedding-3-large,text-embedding-3-large,OpenAI,2026-07-03,snapshot,,0.13,,
openai-text-embedding-3-large,text-embedding-3-large,OpenAI,2026-07-04,snapshot,,0.13,,
openai-text-embedding-3-small,text-embedding-3-small,OpenAI,2024-02-05,backfill,litellm-archive,0.02,0.0,
openai-text-embedding-3-small,text-embedding-3-small,OpenAI,2026-06-23,backfill,litellm-archive,0.02,0.0,
openai-text-embedding-3-small,text-embedding-3-small,OpenAI,2026-06-25,baseline,,0.02,,
openai-text-embedding-3-small,text-embedding-3-small,OpenAI,2026-06-29,snapshot,,0.02,,
openai-text-embedding-3-small,text-embedding-3-small,OpenAI,2026-06-30,snapshot,,0.02,,
openai-text-embedding-3-small,text-embedding-3-small,OpenAI,2026-07-01,snapshot,,0.02,,
openai-text-embedding-3-small,text-embedding-3-small,OpenAI,2026-07-02,snapshot,,0.02,,
openai-text-embedding-3-small,text-embedding-3-small,OpenAI,2026-07-03,snapshot,,0.02,,
openai-text-embedding-3-small,text-embedding-3-small,OpenAI,2026-07-04,snapshot,,0.02,,
perplexity-sonar,Sonar,Perplexity,2025-02-18,backfill,litellm-archive,1.0,1.0,
perplexity-sonar,Sonar,Perplexity,2026-06-23,backfill,litellm-archive,1.0,1.0,
perplexity-sonar,Sonar,Perplexity,2026-06-25,baseline,,1.0,1.0,
perplexity-sonar,Sonar,Perplexity,2026-06-29,snapshot,,1.0,1.0,
perplexity-sonar,Sonar,Perplexity,2026-06-30,snapshot,,1.0,1.0,
perplexity-sonar,Sonar,Perplexity,2026-07-01,snapshot,,1.0,1.0,
perplexity-sonar,Sonar,Perplexity,2026-07-02,snapshot,,1.0,1.0,
perplexity-sonar,Sonar,Perplexity,2026-07-03,snapshot,,1.0,1.0,
perplexity-sonar,Sonar,Perplexity,2026-07-04,snapshot,,1.0,1.0,
perplexity-sonar-deep-research,Sonar Deep Research,Perplexity,2025-05-05,backfill,litellm-archive,2.0,8.0,
perplexity-sonar-deep-research,Sonar Deep Research,Perplexity,2026-06-23,backfill,litellm-archive,2.0,8.0,
perplexity-sonar-deep-research,Sonar Deep Research,Perplexity,2026-06-25,baseline,,2.0,8.0,
perplexity-sonar-deep-research,Sonar Deep Research,Perplexity,2026-06-29,snapshot,,2.0,8.0,
perplexity-sonar-deep-research,Sonar Deep Research,Perplexity,2026-06-30,snapshot,,2.0,8.0,
perplexity-sonar-deep-research,Sonar Deep Research,Perplexity,2026-07-01,snapshot,,2.0,8.0,
perplexity-sonar-deep-research,Sonar Deep Research,Perplexity,2026-07-02,snapshot,,2.0,8.0,
perplexity-sonar-deep-research,Sonar Deep Research,Perplexity,2026-07-03,snapshot,,2.0,8.0,
perplexity-sonar-deep-research,Sonar Deep Research,Perplexity,2026-07-04,snapshot,,2.0,8.0,
perplexity-sonar-pro,Sonar Pro,Perplexity,2025-02-18,backfill,litellm-archive,3.0,15.0,
perplexity-sonar-pro,Sonar Pro,Perplexity,2026-06-23,backfill,litellm-archive,3.0,15.0,
perplexity-sonar-pro,Sonar Pro,Perplexity,2026-06-25,baseline,,3.0,15.0,
perplexity-sonar-pro,Sonar Pro,Perplexity,2026-06-29,snapshot,,3.0,15.0,
perplexity-sonar-pro,Sonar Pro,Perplexity,2026-06-30,snapshot,,3.0,15.0,
perplexity-sonar-pro,Sonar Pro,Perplexity,2026-07-01,snapshot,,3.0,15.0,
perplexity-sonar-pro,Sonar Pro,Perplexity,2026-07-02,snapshot,,3.0,15.0,
perplexity-sonar-pro,Sonar Pro,Perplexity,2026-07-03,snapshot,,3.0,15.0,
perplexity-sonar-pro,Sonar Pro,Perplexity,2026-07-04,snapshot,,3.0,15.0,
perplexity-sonar-reasoning-pro,Sonar Reasoning Pro,Perplexity,2025-05-12,backfill,litellm-archive,2.0,8.0,
perplexity-sonar-reasoning-pro,Sonar Reasoning Pro,Perplexity,2026-06-23,backfill,litellm-archive,2.0,8.0,
perplexity-sonar-reasoning-pro,Sonar Reasoning Pro,Perplexity,2026-06-25,baseline,,2.0,8.0,
perplexity-sonar-reasoning-pro,Sonar Reasoning Pro,Perplexity,2026-06-29,snapshot,,2.0,8.0,
perplexity-sonar-reasoning-pro,Sonar Reasoning Pro,Perplexity,2026-06-30,snapshot,,2.0,8.0,
perplexity-sonar-reasoning-pro,Sonar Reasoning Pro,Perplexity,2026-07-01,snapshot,,2.0,8.0,
perplexity-sonar-reasoning-pro,Sonar Reasoning Pro,Perplexity,2026-07-02,snapshot,,2.0,8.0,
perplexity-sonar-reasoning-pro,Sonar Reasoning Pro,Perplexity,2026-07-03,snapshot,,2.0,8.0,
perplexity-sonar-reasoning-pro,Sonar Reasoning Pro,Perplexity,2026-07-04,snapshot,,2.0,8.0,
reka-core,Reka Core,Reka,2026-06-25,baseline,,2.0,6.0,
reka-core,Reka Core,Reka,2026-06-29,snapshot,,2.0,6.0,
reka-core,Reka Core,Reka,2026-06-30,snapshot,,2.0,6.0,
reka-core,Reka Core,Reka,2026-07-01,snapshot,,2.0,6.0,
reka-core,Reka Core,Reka,2026-07-02,snapshot,,2.0,6.0,
reka-core,Reka Core,Reka,2026-07-03,snapshot,,2.0,6.0,
reka-core,Reka Core,Reka,2026-07-04,snapshot,,2.0,6.0,
reka-edge,Reka Edge,Reka,2026-06-25,baseline,,0.1,0.1,
reka-edge,Reka Edge,Reka,2026-06-29,snapshot,,0.1,0.1,
reka-edge,Reka Edge,Reka,2026-06-30,snapshot,,0.1,0.1,
reka-edge,Reka Edge,Reka,2026-07-01,snapshot,,0.1,0.1,
reka-edge,Reka Edge,Reka,2026-07-02,snapshot,,0.1,0.1,
reka-edge,Reka Edge,Reka,2026-07-03,snapshot,,0.1,0.1,
reka-edge,Reka Edge,Reka,2026-07-04,snapshot,,0.1,0.1,
reka-flash,Reka Flash,Reka,2026-06-25,baseline,,0.8,2.0,
reka-flash,Reka Flash,Reka,2026-06-29,snapshot,,0.8,2.0,
reka-flash,Reka Flash,Reka,2026-06-30,snapshot,,0.8,2.0,
reka-flash,Reka Flash,Reka,2026-07-01,snapshot,,0.8,2.0,
reka-flash,Reka Flash,Reka,2026-07-02,snapshot,,0.8,2.0,
reka-flash,Reka Flash,Reka,2026-07-03,snapshot,,0.8,2.0,
reka-flash,Reka Flash,Reka,2026-07-04,snapshot,,0.8,2.0,
together-deepseek-v4-pro,DeepSeek V4 Pro,Together,2026-06-25,baseline,,1.74,3.48,0.2
together-deepseek-v4-pro,DeepSeek V4 Pro,Together,2026-06-29,snapshot,,1.74,3.48,0.2
together-deepseek-v4-pro,DeepSeek V4 Pro,Together,2026-06-30,snapshot,,1.74,3.48,0.2
together-deepseek-v4-pro,DeepSeek V4 Pro,Together,2026-07-01,snapshot,,1.74,3.48,0.2
together-deepseek-v4-pro,DeepSeek V4 Pro,Together,2026-07-02,snapshot,,1.74,3.48,0.2
together-deepseek-v4-pro,DeepSeek V4 Pro,Together,2026-07-03,snapshot,,1.74,3.48,0.2
together-deepseek-v4-pro,DeepSeek V4 Pro,Together,2026-07-04,snapshot,,1.74,3.48,0.2
together-gemma-4-31b-pearl,Gemma-4-31B-it-Pearl,Together,2026-06-25,baseline,,0.28,0.86,
together-gemma-4-31b-pearl,Gemma-4-31B-it-Pearl,Together,2026-06-29,snapshot,,0.28,0.86,
together-gemma-4-31b-pearl,Gemma-4-31B-it-Pearl,Together,2026-06-30,snapshot,,0.28,0.86,
together-gemma-4-31b-pearl,Gemma-4-31B-it-Pearl,Together,2026-07-01,snapshot,,0.28,0.86,
together-gemma-4-31b-pearl,Gemma-4-31B-it-Pearl,Together,2026-07-02,snapshot,,0.28,0.86,
together-gemma-4-31b-pearl,Gemma-4-31B-it-Pearl,Together,2026-07-03,snapshot,,0.28,0.86,
together-gemma-4-31b-pearl,Gemma-4-31B-it-Pearl,Together,2026-07-04,snapshot,,0.28,0.86,
together-glm-52,GLM-5.2,Together,2026-06-25,baseline,,1.4,4.4,0.26
together-glm-52,GLM-5.2,Together,2026-06-29,snapshot,,1.4,4.4,0.26
together-glm-52,GLM-5.2,Together,2026-06-30,snapshot,,1.4,4.4,0.26
together-glm-52,GLM-5.2,Together,2026-07-01,snapshot,,1.4,4.4,0.26
together-glm-52,GLM-5.2,Together,2026-07-02,snapshot,,1.4,4.4,0.26
together-glm-52,GLM-5.2,Together,2026-07-03,snapshot,,1.4,4.4,0.26
together-glm-52,GLM-5.2,Together,2026-07-04,snapshot,,1.4,4.4,0.26
together-gpt-oss-120b,gpt-oss-120B,Together,2025-08-25,backfill,litellm-archive,0.15,0.6,
together-gpt-oss-120b,gpt-oss-120B,Together,2026-06-23,backfill,litellm-archive,0.15,0.6,
together-gpt-oss-120b,gpt-oss-120B,Together,2026-06-25,baseline,,0.15,0.6,
together-gpt-oss-120b,gpt-oss-120B,Together,2026-06-29,snapshot,,0.15,0.6,
together-gpt-oss-120b,gpt-oss-120B,Together,2026-06-30,snapshot,,0.15,0.6,
together-gpt-oss-120b,gpt-oss-120B,Together,2026-07-01,snapshot,,0.15,0.6,
together-gpt-oss-120b,gpt-oss-120B,Together,2026-07-02,snapshot,,0.15,0.6,
together-gpt-oss-120b,gpt-oss-120B,Together,2026-07-03,snapshot,,0.15,0.6,
together-gpt-oss-120b,gpt-oss-120B,Together,2026-07-04,snapshot,,0.15,0.6,
together-kimi-k27-code,Kimi K2.7 Code,Together,2026-06-25,baseline,,0.95,4.0,0.19
together-kimi-k27-code,Kimi K2.7 Code,Together,2026-06-29,snapshot,,0.95,4.0,0.19
together-kimi-k27-code,Kimi K2.7 Code,Together,2026-06-30,snapshot,,0.95,4.0,0.19
together-kimi-k27-code,Kimi K2.7 Code,Together,2026-07-01,snapshot,,0.95,4.0,0.19
together-kimi-k27-code,Kimi K2.7 Code,Together,2026-07-02,snapshot,,0.95,4.0,0.19
together-kimi-k27-code,Kimi K2.7 Code,Together,2026-07-03,snapshot,,0.95,4.0,0.19
together-kimi-k27-code,Kimi K2.7 Code,Together,2026-07-04,snapshot,,0.95,4.0,0.19
together-lfm2-24b-a2b,LFM2 24B A2B,Together,2026-06-25,baseline,,0.03,0.12,
together-lfm2-24b-a2b,LFM2 24B A2B,Together,2026-06-29,snapshot,,0.03,0.12,
together-lfm2-24b-a2b,LFM2 24B A2B,Together,2026-06-30,snapshot,,0.03,0.12,
together-lfm2-24b-a2b,LFM2 24B A2B,Together,2026-07-01,snapshot,,0.03,0.12,
together-lfm2-24b-a2b,LFM2 24B A2B,Together,2026-07-02,snapshot,,0.03,0.12,
together-lfm2-24b-a2b,LFM2 24B A2B,Together,2026-07-03,snapshot,,0.03,0.12,
together-lfm2-24b-a2b,LFM2 24B A2B,Together,2026-07-04,snapshot,,0.03,0.12,
together-llama-33-70b,Llama 3.3 70B,Together,2025-01-27,backfill,litellm-archive,0.88,0.88,
together-llama-33-70b,Llama 3.3 70B,Together,2026-06-23,backfill,litellm-archive,0.88,0.88,
together-llama-33-70b,Llama 3.3 70B,Together,2026-06-25,baseline,,1.04,1.04,
together-llama-33-70b,Llama 3.3 70B,Together,2026-06-29,snapshot,,1.04,1.04,
together-llama-33-70b,Llama 3.3 70B,Together,2026-06-30,snapshot,,1.04,1.04,
together-llama-33-70b,Llama 3.3 70B,Together,2026-07-01,snapshot,,1.04,1.04,
together-llama-33-70b,Llama 3.3 70B,Together,2026-07-02,snapshot,,1.04,1.04,
together-llama-33-70b,Llama 3.3 70B,Together,2026-07-03,snapshot,,1.04,1.04,
together-llama-33-70b,Llama 3.3 70B,Together,2026-07-04,snapshot,,1.04,1.04,
together-minimax-m25,MiniMax M2.5,Together,2026-06-25,baseline,,0.3,1.2,0.06
together-minimax-m25,MiniMax M2.5,Together,2026-06-29,snapshot,,0.3,1.2,0.06
together-minimax-m25,MiniMax M2.5,Together,2026-06-30,snapshot,,0.3,1.2,0.06
together-minimax-m25,MiniMax M2.5,Together,2026-07-01,snapshot,,0.3,1.2,0.06
together-minimax-m25,MiniMax M2.5,Together,2026-07-02,snapshot,,0.3,1.2,0.06
together-minimax-m25,MiniMax M2.5,Together,2026-07-03,snapshot,,0.3,1.2,0.06
together-minimax-m25,MiniMax M2.5,Together,2026-07-04,snapshot,,0.3,1.2,0.06
together-minimax-m3,MiniMax M3,Together,2026-06-25,baseline,,0.3,1.2,0.06
together-minimax-m3,MiniMax M3,Together,2026-06-29,snapshot,,0.3,1.2,0.06
together-minimax-m3,MiniMax M3,Together,2026-06-30,snapshot,,0.3,1.2,0.06
together-minimax-m3,MiniMax M3,Together,2026-07-01,snapshot,,0.3,1.2,0.06
together-minimax-m3,MiniMax M3,Together,2026-07-02,snapshot,,0.3,1.2,0.06
together-minimax-m3,MiniMax M3,Together,2026-07-03,snapshot,,0.3,1.2,0.06
together-minimax-m3,MiniMax M3,Together,2026-07-04,snapshot,,0.3,1.2,0.06
together-nvidia-nemotron-3-ultra,NVIDIA Nemotron 3 Ultra,Together,2026-06-25,baseline,,0.6,3.6,0.2
together-nvidia-nemotron-3-ultra,NVIDIA Nemotron 3 Ultra,Together,2026-06-29,snapshot,,0.6,3.6,0.2
together-nvidia-nemotron-3-ultra,NVIDIA Nemotron 3 Ultra,Together,2026-06-30,snapshot,,0.6,3.6,0.2
together-nvidia-nemotron-3-ultra,NVIDIA Nemotron 3 Ultra,Together,2026-07-01,snapshot,,0.6,3.6,0.2
together-nvidia-nemotron-3-ultra,NVIDIA Nemotron 3 Ultra,Together,2026-07-02,snapshot,,0.6,3.6,0.2
together-nvidia-nemotron-3-ultra,NVIDIA Nemotron 3 Ultra,Together,2026-07-03,snapshot,,0.6,3.6,0.2
together-nvidia-nemotron-3-ultra,NVIDIA Nemotron 3 Ultra,Together,2026-07-04,snapshot,,0.6,3.6,0.2
together-qwen35-397b-a17b,Qwen3.5-397B-A17B,Together,2026-03-09,backfill,litellm-archive,0.6,3.6,
together-qwen35-397b-a17b,Qwen3.5-397B-A17B,Together,2026-06-23,backfill,litellm-archive,0.6,3.6,
together-qwen35-397b-a17b,Qwen3.5-397B-A17B,Together,2026-06-25,baseline,,0.6,3.6,0.35
together-qwen35-397b-a17b,Qwen3.5-397B-A17B,Together,2026-06-29,snapshot,,0.6,3.6,0.35
together-qwen35-397b-a17b,Qwen3.5-397B-A17B,Together,2026-06-30,snapshot,,0.6,3.6,0.35
together-qwen35-397b-a17b,Qwen3.5-397B-A17B,Together,2026-07-01,snapshot,,0.6,3.6,0.35
together-qwen35-397b-a17b,Qwen3.5-397B-A17B,Together,2026-07-02,snapshot,,0.6,3.6,0.35
together-qwen35-397b-a17b,Qwen3.5-397B-A17B,Together,2026-07-03,snapshot,,0.6,3.6,0.35
together-qwen35-397b-a17b,Qwen3.5-397B-A17B,Together,2026-07-04,snapshot,,0.6,3.6,0.35
together-qwen37-max,Qwen3.7-Max,Together,2026-06-25,baseline,,1.25,3.75,0.13
together-qwen37-max,Qwen3.7-Max,Together,2026-06-29,snapshot,,1.25,3.75,0.13
together-qwen37-max,Qwen3.7-Max,Together,2026-06-30,snapshot,,1.25,3.75,0.13
together-qwen37-max,Qwen3.7-Max,Together,2026-07-01,snapshot,,1.25,3.75,0.13
together-qwen37-max,Qwen3.7-Max,Together,2026-07-02,snapshot,,1.25,3.75,0.13
together-qwen37-max,Qwen3.7-Max,Together,2026-07-03,snapshot,,1.25,3.75,0.13
together-qwen37-max,Qwen3.7-Max,Together,2026-07-04,snapshot,,1.25,3.75,0.13
together-qwen37-plus,Qwen3.7-Plus,Together,2026-06-25,baseline,,0.32,1.28,
together-qwen37-plus,Qwen3.7-Plus,Together,2026-06-29,snapshot,,0.32,1.28,
together-qwen37-plus,Qwen3.7-Plus,Together,2026-06-30,snapshot,,0.32,1.28,
together-qwen37-plus,Qwen3.7-Plus,Together,2026-07-01,snapshot,,0.32,1.28,
together-qwen37-plus,Qwen3.7-Plus,Together,2026-07-02,snapshot,,0.32,1.28,
together-qwen37-plus,Qwen3.7-Plus,Together,2026-07-03,snapshot,,0.32,1.28,
together-qwen37-plus,Qwen3.7-Plus,Together,2026-07-04,snapshot,,0.32,1.28,
voyage-4,voyage-4,Voyage AI,2026-06-25,baseline,,0.06,,
voyage-4,voyage-4,Voyage AI,2026-06-29,snapshot,,0.06,,
voyage-4,voyage-4,Voyage AI,2026-06-30,snapshot,,0.06,,
voyage-4,voyage-4,Voyage AI,2026-07-01,snapshot,,0.06,,
voyage-4,voyage-4,Voyage AI,2026-07-02,snapshot,,0.06,,
voyage-4,voyage-4,Voyage AI,2026-07-03,snapshot,,0.06,,
voyage-4,voyage-4,Voyage AI,2026-07-04,snapshot,,0.06,,
voyage-4-large,voyage-4-large,Voyage AI,2026-06-25,baseline,,0.12,,
voyage-4-large,voyage-4-large,Voyage AI,2026-06-29,snapshot,,0.12,,
voyage-4-large,voyage-4-large,Voyage AI,2026-06-30,snapshot,,0.12,,
voyage-4-large,voyage-4-large,Voyage AI,2026-07-01,snapshot,,0.12,,
voyage-4-large,voyage-4-large,Voyage AI,2026-07-02,snapshot,,0.12,,
voyage-4-large,voyage-4-large,Voyage AI,2026-07-03,snapshot,,0.12,,
voyage-4-large,voyage-4-large,Voyage AI,2026-07-04,snapshot,,0.12,,
voyage-4-lite,voyage-4-lite,Voyage AI,2026-06-25,baseline,,0.02,,
voyage-4-lite,voyage-4-lite,Voyage AI,2026-06-29,snapshot,,0.02,,
voyage-4-lite,voyage-4-lite,Voyage AI,2026-06-30,snapshot,,0.02,,
voyage-4-lite,voyage-4-lite,Voyage AI,2026-07-01,snapshot,,0.02,,
voyage-4-lite,voyage-4-lite,Voyage AI,2026-07-02,snapshot,,0.02,,
voyage-4-lite,voyage-4-lite,Voyage AI,2026-07-03,snapshot,,0.02,,
voyage-4-lite,voyage-4-lite,Voyage AI,2026-07-04,snapshot,,0.02,,
voyage-code-3,voyage-code-3,Voyage AI,2025-01-15,backfill,litellm-archive,0.18,0.0,
voyage-code-3,voyage-code-3,Voyage AI,2026-06-23,backfill,litellm-archive,0.18,0.0,
voyage-code-3,voyage-code-3,Voyage AI,2026-06-25,baseline,,0.18,,
voyage-code-3,voyage-code-3,Voyage AI,2026-06-29,snapshot,,0.18,,
voyage-code-3,voyage-code-3,Voyage AI,2026-06-30,snapshot,,0.18,,
voyage-code-3,voyage-code-3,Voyage AI,2026-07-01,snapshot,,0.18,,
voyage-code-3,voyage-code-3,Voyage AI,2026-07-02,snapshot,,0.18,,
voyage-code-3,voyage-code-3,Voyage AI,2026-07-03,snapshot,,0.18,,
voyage-code-3,voyage-code-3,Voyage AI,2026-07-04,snapshot,,0.18,,
voyage-context-3,voyage-context-3,Voyage AI,2025-08-25,backfill,litellm-archive,0.18,0.0,
voyage-context-3,voyage-context-3,Voyage AI,2026-06-23,backfill,litellm-archive,0.18,0.0,
voyage-context-3,voyage-context-3,Voyage AI,2026-06-25,baseline,,0.18,,
voyage-context-3,voyage-context-3,Voyage AI,2026-06-29,snapshot,,0.18,,
voyage-context-3,voyage-context-3,Voyage AI,2026-06-30,snapshot,,0.18,,
voyage-context-3,voyage-context-3,Voyage AI,2026-07-01,snapshot,,0.18,,
voyage-context-3,voyage-context-3,Voyage AI,2026-07-02,snapshot,,0.18,,
voyage-context-3,voyage-context-3,Voyage AI,2026-07-03,snapshot,,0.18,,
voyage-context-3,voyage-context-3,Voyage AI,2026-07-04,snapshot,,0.18,,
voyage-multimodal-35,voyage-multimodal-3.5,Voyage AI,2026-06-25,baseline,,0.12,,
voyage-multimodal-35,voyage-multimodal-3.5,Voyage AI,2026-06-29,snapshot,,0.12,,
voyage-multimodal-35,voyage-multimodal-3.5,Voyage AI,2026-06-30,snapshot,,0.12,,
voyage-multimodal-35,voyage-multimodal-3.5,Voyage AI,2026-07-01,snapshot,,0.12,,
voyage-multimodal-35,voyage-multimodal-3.5,Voyage AI,2026-07-02,snapshot,,0.12,,
voyage-multimodal-35,voyage-multimodal-3.5,Voyage AI,2026-07-03,snapshot,,0.12,,
voyage-multimodal-35,voyage-multimodal-3.5,Voyage AI,2026-07-04,snapshot,,0.12,,
voyage-rerank-25,rerank-2.5,Voyage AI,2025-12-15,backfill,litellm-archive,0.05,0.0,
voyage-rerank-25,rerank-2.5,Voyage AI,2026-06-23,backfill,litellm-archive,0.05,0.0,
voyage-rerank-25,rerank-2.5,Voyage AI,2026-06-25,baseline,,0.05,,
voyage-rerank-25,rerank-2.5,Voyage AI,2026-06-29,snapshot,,0.05,,
voyage-rerank-25,rerank-2.5,Voyage AI,2026-06-30,snapshot,,0.05,,
voyage-rerank-25,rerank-2.5,Voyage AI,2026-07-01,snapshot,,0.05,,
voyage-rerank-25,rerank-2.5,Voyage AI,2026-07-02,snapshot,,0.05,,
voyage-rerank-25,rerank-2.5,Voyage AI,2026-07-03,snapshot,,0.05,,
voyage-rerank-25,rerank-2.5,Voyage AI,2026-07-04,snapshot,,0.05,,
voyage-rerank-25-lite,rerank-2.5-lite,Voyage AI,2025-12-15,backfill,litellm-archive,0.02,0.0,
voyage-rerank-25-lite,rerank-2.5-lite,Voyage AI,2026-06-23,backfill,litellm-archive,0.02,0.0,
voyage-rerank-25-lite,rerank-2.5-lite,Voyage AI,2026-06-25,baseline,,0.02,,
voyage-rerank-25-lite,rerank-2.5-lite,Voyage AI,2026-06-29,snapshot,,0.02,,
voyage-rerank-25-lite,rerank-2.5-lite,Voyage AI,2026-06-30,snapshot,,0.02,,
voyage-rerank-25-lite,rerank-2.5-lite,Voyage AI,2026-07-01,snapshot,,0.02,,
voyage-rerank-25-lite,rerank-2.5-lite,Voyage AI,2026-07-02,snapshot,,0.02,,
voyage-rerank-25-lite,rerank-2.5-lite,Voyage AI,2026-07-03,snapshot,,0.02,,
voyage-rerank-25-lite,rerank-2.5-lite,Voyage AI,2026-07-04,snapshot,,0.02,,
xai-grok-4,Grok 4,xAI,2025-07-10,backfill,litellm-archive,3.0,15.0,
xai-grok-4,Grok 4,xAI,2026-06-23,backfill,litellm-archive,3.0,15.0,
xai-grok-4,Grok 4,xAI,2026-06-25,baseline,,3.0,15.0,
xai-grok-4,Grok 4,xAI,2026-06-29,snapshot,,3.0,15.0,
xai-grok-4,Grok 4,xAI,2026-06-30,snapshot,,3.0,15.0,
xai-grok-4,Grok 4,xAI,2026-07-01,snapshot,,3.0,15.0,
xai-grok-4,Grok 4,xAI,2026-07-02,snapshot,,3.0,15.0,
xai-grok-4,Grok 4,xAI,2026-07-03,snapshot,,3.0,15.0,
xai-grok-4,Grok 4,xAI,2026-07-04,snapshot,,3.0,15.0,
xai-grok-41-fast,Grok 4.1 Fast,xAI,2025-11-24,backfill,litellm-archive,0.2,0.5,
xai-grok-41-fast,Grok 4.1 Fast,xAI,2026-06-23,backfill,litellm-archive,0.2,0.5,
xai-grok-41-fast,Grok 4.1 Fast,xAI,2026-06-25,baseline,,0.2,0.5,
xai-grok-41-fast,Grok 4.1 Fast,xAI,2026-06-29,snapshot,,0.2,0.5,
xai-grok-41-fast,Grok 4.1 Fast,xAI,2026-06-30,snapshot,,0.2,0.5,
xai-grok-41-fast,Grok 4.1 Fast,xAI,2026-07-01,snapshot,,0.2,0.5,
xai-grok-41-fast,Grok 4.1 Fast,xAI,2026-07-02,snapshot,,0.2,0.5,
xai-grok-41-fast,Grok 4.1 Fast,xAI,2026-07-03,snapshot,,0.2,0.5,
xai-grok-41-fast,Grok 4.1 Fast,xAI,2026-07-04,snapshot,,0.2,0.5,
xai-grok-420,Grok 4.20,xAI,2026-06-25,baseline,,2.0,6.0,
xai-grok-420,Grok 4.20,xAI,2026-06-29,snapshot,,2.0,6.0,
xai-grok-420,Grok 4.20,xAI,2026-06-30,snapshot,,2.0,6.0,
xai-grok-420,Grok 4.20,xAI,2026-07-01,snapshot,,2.0,6.0,
xai-grok-420,Grok 4.20,xAI,2026-07-02,snapshot,,2.0,6.0,
xai-grok-420,Grok 4.20,xAI,2026-07-03,snapshot,,2.0,6.0,
xai-grok-420,Grok 4.20,xAI,2026-07-04,snapshot,,2.0,6.0,
xai-grok-43,Grok 4.3,xAI,2026-05-11,backfill,litellm-archive,1.25,2.5,
xai-grok-43,Grok 4.3,xAI,2026-06-23,backfill,litellm-archive,1.25,2.5,
xai-grok-43,Grok 4.3,xAI,2026-06-25,baseline,,1.25,2.5,
xai-grok-43,Grok 4.3,xAI,2026-06-29,snapshot,,1.25,2.5,
xai-grok-43,Grok 4.3,xAI,2026-06-30,snapshot,,1.25,2.5,
xai-grok-43,Grok 4.3,xAI,2026-07-01,snapshot,,1.25,2.5,
xai-grok-43,Grok 4.3,xAI,2026-07-02,snapshot,,1.25,2.5,
xai-grok-43,Grok 4.3,xAI,2026-07-03,snapshot,,1.25,2.5,
xai-grok-43,Grok 4.3,xAI,2026-07-04,snapshot,,1.25,2.5,
xai-grok-build-01,Grok Build 0.1,xAI,2026-06-25,baseline,,1.0,2.0,
xai-grok-build-01,Grok Build 0.1,xAI,2026-06-29,snapshot,,1.0,2.0,
xai-grok-build-01,Grok Build 0.1,xAI,2026-06-30,snapshot,,1.0,2.0,
xai-grok-build-01,Grok Build 0.1,xAI,2026-07-01,snapshot,,1.0,2.0,
xai-grok-build-01,Grok Build 0.1,xAI,2026-07-02,snapshot,,1.0,2.0,
xai-grok-build-01,Grok Build 0.1,xAI,2026-07-03,snapshot,,1.0,2.0,
xai-grok-build-01,Grok Build 0.1,xAI,2026-07-04,snapshot,,1.0,2.0,
zhipu-glm-4-32b,GLM-4-32B-0414,Z.AI,2026-06-25,baseline,,0.1,0.1,
zhipu-glm-4-32b,GLM-4-32B-0414,Z.AI,2026-06-29,snapshot,,0.1,0.1,
zhipu-glm-4-32b,GLM-4-32B-0414,Z.AI,2026-06-30,snapshot,,0.1,0.1,
zhipu-glm-4-32b,GLM-4-32B-0414,Z.AI,2026-07-01,snapshot,,0.1,0.1,
zhipu-glm-4-32b,GLM-4-32B-0414,Z.AI,2026-07-02,snapshot,,0.1,0.1,
zhipu-glm-4-32b,GLM-4-32B-0414,Z.AI,2026-07-03,snapshot,,0.1,0.1,
zhipu-glm-4-32b,GLM-4-32B-0414,Z.AI,2026-07-04,snapshot,,0.1,0.1,
zhipu-glm-45,GLM-4.5,Z.AI,2025-12-08,backfill,litellm-archive,0.6,2.2,
zhipu-glm-45,GLM-4.5,Z.AI,2026-06-23,backfill,litellm-archive,0.6,2.2,
zhipu-glm-45,GLM-4.5,Z.AI,2026-06-25,baseline,,0.6,2.2,0.11
zhipu-glm-45,GLM-4.5,Z.AI,2026-06-29,snapshot,,0.6,2.2,0.11
zhipu-glm-45,GLM-4.5,Z.AI,2026-06-30,snapshot,,0.6,2.2,0.11
zhipu-glm-45,GLM-4.5,Z.AI,2026-07-01,snapshot,,0.6,2.2,0.11
zhipu-glm-45,GLM-4.5,Z.AI,2026-07-02,snapshot,,0.6,2.2,0.11
zhipu-glm-45,GLM-4.5,Z.AI,2026-07-03,snapshot,,0.6,2.2,0.11
zhipu-glm-45,GLM-4.5,Z.AI,2026-07-04,snapshot,,0.6,2.2,0.11
zhipu-glm-45-air,GLM-4.5-Air,Z.AI,2025-12-08,backfill,litellm-archive,0.2,1.1,
zhipu-glm-45-air,GLM-4.5-Air,Z.AI,2026-06-23,backfill,litellm-archive,0.2,1.1,
zhipu-glm-45-air,GLM-4.5-Air,Z.AI,2026-06-25,baseline,,0.2,1.1,0.03
zhipu-glm-45-air,GLM-4.5-Air,Z.AI,2026-06-29,snapshot,,0.2,1.1,0.03
zhipu-glm-45-air,GLM-4.5-Air,Z.AI,2026-06-30,snapshot,,0.2,1.1,0.03
zhipu-glm-45-air,GLM-4.5-Air,Z.AI,2026-07-01,snapshot,,0.2,1.1,0.03
zhipu-glm-45-air,GLM-4.5-Air,Z.AI,2026-07-02,snapshot,,0.2,1.1,0.03
zhipu-glm-45-air,GLM-4.5-Air,Z.AI,2026-07-03,snapshot,,0.2,1.1,0.03
zhipu-glm-45-air,GLM-4.5-Air,Z.AI,2026-07-04,snapshot,,0.2,1.1,0.03
zhipu-glm-46,GLM-4.6,Z.AI,2025-12-08,backfill,litellm-archive,0.6,2.2,
zhipu-glm-46,GLM-4.6,Z.AI,2026-06-23,backfill,litellm-archive,0.6,2.2,
zhipu-glm-46,GLM-4.6,Z.AI,2026-06-25,baseline,,0.6,2.2,0.11
zhipu-glm-46,GLM-4.6,Z.AI,2026-06-29,snapshot,,0.6,2.2,0.11
zhipu-glm-46,GLM-4.6,Z.AI,2026-06-30,snapshot,,0.6,2.2,0.11
zhipu-glm-46,GLM-4.6,Z.AI,2026-07-01,snapshot,,0.6,2.2,0.11
zhipu-glm-46,GLM-4.6,Z.AI,2026-07-02,snapshot,,0.6,2.2,0.11
zhipu-glm-46,GLM-4.6,Z.AI,2026-07-03,snapshot,,0.6,2.2,0.11
zhipu-glm-46,GLM-4.6,Z.AI,2026-07-04,snapshot,,0.6,2.2,0.11
zhipu-glm-46v,GLM-4.6V,Z.AI,2026-06-25,baseline,,0.3,0.9,0.05
zhipu-glm-46v,GLM-4.6V,Z.AI,2026-06-29,snapshot,,0.3,0.9,0.05
zhipu-glm-46v,GLM-4.6V,Z.AI,2026-06-30,snapshot,,0.3,0.9,0.05
zhipu-glm-46v,GLM-4.6V,Z.AI,2026-07-01,snapshot,,0.3,0.9,0.05
zhipu-glm-46v,GLM-4.6V,Z.AI,2026-07-02,snapshot,,0.3,0.9,0.05
zhipu-glm-46v,GLM-4.6V,Z.AI,2026-07-03,snapshot,,0.3,0.9,0.05
zhipu-glm-46v,GLM-4.6V,Z.AI,2026-07-04,snapshot,,0.3,0.9,0.05
zhipu-glm-47,GLM-4.7,Z.AI,2026-01-05,backfill,litellm-archive,0.6,2.2,
zhipu-glm-47,GLM-4.7,Z.AI,2026-06-23,backfill,litellm-archive,0.6,2.2,
zhipu-glm-47,GLM-4.7,Z.AI,2026-06-25,baseline,,0.6,2.2,0.11
zhipu-glm-47,GLM-4.7,Z.AI,2026-06-29,snapshot,,0.6,2.2,0.11
zhipu-glm-47,GLM-4.7,Z.AI,2026-06-30,snapshot,,0.6,2.2,0.11
zhipu-glm-47,GLM-4.7,Z.AI,2026-07-01,snapshot,,0.6,2.2,0.11
zhipu-glm-47,GLM-4.7,Z.AI,2026-07-02,snapshot,,0.6,2.2,0.11
zhipu-glm-47,GLM-4.7,Z.AI,2026-07-03,snapshot,,0.6,2.2,0.11
zhipu-glm-47,GLM-4.7,Z.AI,2026-07-04,snapshot,,0.6,2.2,0.11
zhipu-glm-47-flash,GLM-4.7-Flash,Z.AI,2026-06-25,baseline,,0.0,0.0,0.0
zhipu-glm-47-flash,GLM-4.7-Flash,Z.AI,2026-06-29,snapshot,,0.0,0.0,0.0
zhipu-glm-47-flash,GLM-4.7-Flash,Z.AI,2026-06-30,snapshot,,0.0,0.0,0.0
zhipu-glm-47-flash,GLM-4.7-Flash,Z.AI,2026-07-01,snapshot,,0.0,0.0,0.0
zhipu-glm-47-flash,GLM-4.7-Flash,Z.AI,2026-07-02,snapshot,,0.0,0.0,0.0
zhipu-glm-47-flash,GLM-4.7-Flash,Z.AI,2026-07-03,snapshot,,0.0,0.0,0.0
zhipu-glm-47-flash,GLM-4.7-Flash,Z.AI,2026-07-04,snapshot,,0.0,0.0,0.0
zhipu-glm-47-flashx,GLM-4.7-FlashX,Z.AI,2026-06-25,baseline,,0.07,0.4,0.01
zhipu-glm-47-flashx,GLM-4.7-FlashX,Z.AI,2026-06-29,snapshot,,0.07,0.4,0.01
zhipu-glm-47-flashx,GLM-4.7-FlashX,Z.AI,2026-06-30,snapshot,,0.07,0.4,0.01
zhipu-glm-47-flashx,GLM-4.7-FlashX,Z.AI,2026-07-01,snapshot,,0.07,0.4,0.01
zhipu-glm-47-flashx,GLM-4.7-FlashX,Z.AI,2026-07-02,snapshot,,0.07,0.4,0.01
zhipu-glm-47-flashx,GLM-4.7-FlashX,Z.AI,2026-07-03,snapshot,,0.07,0.4,0.01
zhipu-glm-47-flashx,GLM-4.7-FlashX,Z.AI,2026-07-04,snapshot,,0.07,0.4,0.01
zhipu-glm-5,GLM-5,Z.AI,2026-03-09,backfill,litellm-archive,1.0,3.2,
zhipu-glm-5,GLM-5,Z.AI,2026-06-23,backfill,litellm-archive,1.0,3.2,
zhipu-glm-5,GLM-5,Z.AI,2026-06-25,baseline,,1.0,3.2,0.2
zhipu-glm-5,GLM-5,Z.AI,2026-06-29,snapshot,,1.0,3.2,0.2
zhipu-glm-5,GLM-5,Z.AI,2026-06-30,snapshot,,1.0,3.2,0.2
zhipu-glm-5,GLM-5,Z.AI,2026-07-01,snapshot,,1.0,3.2,0.2
zhipu-glm-5,GLM-5,Z.AI,2026-07-02,snapshot,,1.0,3.2,0.2
zhipu-glm-5,GLM-5,Z.AI,2026-07-03,snapshot,,1.0,3.2,0.2
zhipu-glm-5,GLM-5,Z.AI,2026-07-04,snapshot,,1.0,3.2,0.2
zhipu-glm-5-turbo,GLM-5-Turbo,Z.AI,2026-06-25,baseline,,1.2,4.0,0.24
zhipu-glm-5-turbo,GLM-5-Turbo,Z.AI,2026-06-29,snapshot,,1.2,4.0,0.24
zhipu-glm-5-turbo,GLM-5-Turbo,Z.AI,2026-06-30,snapshot,,1.2,4.0,0.24
zhipu-glm-5-turbo,GLM-5-Turbo,Z.AI,2026-07-01,snapshot,,1.2,4.0,0.24
zhipu-glm-5-turbo,GLM-5-Turbo,Z.AI,2026-07-02,snapshot,,1.2,4.0,0.24
zhipu-glm-5-turbo,GLM-5-Turbo,Z.AI,2026-07-03,snapshot,,1.2,4.0,0.24
zhipu-glm-5-turbo,GLM-5-Turbo,Z.AI,2026-07-04,snapshot,,1.2,4.0,0.24
zhipu-glm-51,GLM-5.1,Z.AI,2026-06-25,baseline,,1.4,4.4,0.26
zhipu-glm-51,GLM-5.1,Z.AI,2026-06-29,snapshot,,1.4,4.4,0.26
zhipu-glm-51,GLM-5.1,Z.AI,2026-06-30,snapshot,,1.4,4.4,0.26
zhipu-glm-51,GLM-5.1,Z.AI,2026-07-01,snapshot,,1.4,4.4,0.26
zhipu-glm-51,GLM-5.1,Z.AI,2026-07-02,snapshot,,1.4,4.4,0.26
zhipu-glm-51,GLM-5.1,Z.AI,2026-07-03,snapshot,,1.4,4.4,0.26
zhipu-glm-51,GLM-5.1,Z.AI,2026-07-04,snapshot,,1.4,4.4,0.26
zhipu-glm-52,GLM-5.2,Z.AI,2026-06-25,baseline,,1.4,4.4,0.26
zhipu-glm-52,GLM-5.2,Z.AI,2026-06-29,snapshot,,1.4,4.4,0.26
zhipu-glm-52,GLM-5.2,Z.AI,2026-06-30,snapshot,,1.4,4.4,0.26
zhipu-glm-52,GLM-5.2,Z.AI,2026-07-01,snapshot,,1.4,4.4,0.26
zhipu-glm-52,GLM-5.2,Z.AI,2026-07-02,snapshot,,1.4,4.4,0.26
zhipu-glm-52,GLM-5.2,Z.AI,2026-07-03,snapshot,,1.4,4.4,0.26
zhipu-glm-52,GLM-5.2,Z.AI,2026-07-04,snapshot,,1.4,4.4,0.26
zhipu-glm-5v-turbo,GLM-5V-Turbo,Z.AI,2026-06-25,baseline,,1.2,4.0,0.24
zhipu-glm-5v-turbo,GLM-5V-Turbo,Z.AI,2026-06-29,snapshot,,1.2,4.0,0.24
zhipu-glm-5v-turbo,GLM-5V-Turbo,Z.AI,2026-06-30,snapshot,,1.2,4.0,0.24
zhipu-glm-5v-turbo,GLM-5V-Turbo,Z.AI,2026-07-01,snapshot,,1.2,4.0,0.24
zhipu-glm-5v-turbo,GLM-5V-Turbo,Z.AI,2026-07-02,snapshot,,1.2,4.0,0.24
zhipu-glm-5v-turbo,GLM-5V-Turbo,Z.AI,2026-07-03,snapshot,,1.2,4.0,0.24
zhipu-glm-5v-turbo,GLM-5V-Turbo,Z.AI,2026-07-04,snapshot,,1.2,4.0,0.24
zhipu-glm-ocr,GLM-OCR,Z.AI,2026-06-25,baseline,,0.03,0.03,
zhipu-glm-ocr,GLM-OCR,Z.AI,2026-06-29,snapshot,,0.03,0.03,
zhipu-glm-ocr,GLM-OCR,Z.AI,2026-06-30,snapshot,,0.03,0.03,
zhipu-glm-ocr,GLM-OCR,Z.AI,2026-07-01,snapshot,,0.03,0.03,
zhipu-glm-ocr,GLM-OCR,Z.AI,2026-07-02,snapshot,,0.03,0.03,
zhipu-glm-ocr,GLM-OCR,Z.AI,2026-07-03,snapshot,,0.03,0.03,
zhipu-glm-ocr,GLM-OCR,Z.AI,2026-07-04,snapshot,,0.03,0.03,
